Price,Address,Bedrooms,Baths,Area
550000,"12 Saint Martin's Drive, Kimmage, Kimmage, Dublin 6W",3,2,108
550000,"102 Iveragh Road, Whitehall, Whitehall, Dublin 9",3,2,175
250000,"9 Church Avenue, Glasnevin, Glasnevin, Dublin 11",2,1,52
345000,"28 Temple View Copse, Clarehall, Clarehall, Dublin 13",3,3,110
325000,"11 Reilly's Avenue, Cork Street, Dolphin's Barn, Dublin 8",2,1,73
605000,"16 Robin Villas, Palmerstown, Dublin 20",4,4,130
245000,"5 Waterville Terrace, Waterville, Blanchardstown, Dublin 15",2,1,60
900000,"128 Lower Drumcondra Road, Drumcondra, Dublin 9",4,3,174
620000,"64 Manor Street, Dublin 7",5,2,145
1200000,"30 Charleston Avenue, Ranelagh, Dublin 6",4,1,165
390000,"66 Glentow Road, Whitehall, Dublin 9",3,2,
375000,"Apartment 172, The Oak, Rathfarnham, Dublin 14",2,2,66
2500000,"Galtee Lodge, 16 Asgard Road, Howth, Dublin 13",6,4,366
270000,"45 Pimlico, Dublin 8",2,2,67
675000,"76 Taney Road, Dundrum, Dundrum, Dublin 14",4,2,158
1750000,"9 Iona Drive, Glasnevin, Dublin 9",6,8,230
450000,"61 Church Avenue, Drumcondra, Dublin 9",2,1,94
485000,"28 Claremont Drive, Glasnevin, Dublin 11",3,2,121
349950,"8 Southern Cross Avenue, Inchicore, Inchicore, Dublin 8",3,1,81
395000,"Apartment 10, Temple Hill, Terenure, Dublin 6",2,2,75
,,,,
825000,,,,
595000,"Mews 2, Rear 93 Booterstown Avenue, Booterstown, Co. Dublin",2,2,85
1400000,"Cullenswood Lodge, 12 Richmond Avenue South, Dartry, Dublin 6",3,3,170
550000,"14 Verbena Park, Sutton, Dublin 13",4,1,132
795000,"28 Saint Kevin's Road, South Circular Road, Portobello, Dublin 8",2,2,123
275000,"75 Fernwood Avenue, Springfield, Tallaght, Dublin 24",3,1,82
695000,"39 Leinster Street North, Phibsborough, Dublin 7",4,2,126
470000,"18 Muckross Green, Perrystown, Dublin 12",3,1,98
845000,"Apartment 28, House 1, Linden Square, Blackrock, Co. Dublin",2,2,130
555000,,,,
540000,"Apartment 21, Block 5, Galley Quay, Dublin 2",3,2,82
285000,"2 Blakes Court, Clonsilla, Dublin 15",3,1,84
450000,"15 Rowan Hall, Milltown, Dublin 6",2,2,88
495000,"496 Collins Avenue, Whitehall, Dublin 9",4,2,132
370000,"32 Knockmaree, Chapelizod, Chapelizod, Dublin 20",3,2,
395000,"3 Allen Terrace, Phibsborough, Dublin 7",3,1,72
295000,"48 Willow Wood Grove, Hartstown, Hartstown, Dublin 15",3,2,90
385000,"149 Millrace Road, Castleknock, Dublin 15",2,2,
285000,"Apartment 12, Dorset Square, Dublin 1",2,1,62
1450000,"ATLANTIC PROJECTS COMPANY LIMITED, 3 Marine Road, Dun Laoghaire, Co. Dublin",5,5,250
465000,"45 Cairnbrook Avenue, Carrickmines, Dublin 18",2,2,118
345000,"34 Castletimon Avenue, Coolock, Kilmore, Dublin 5",3,2,
450000,"16 Faulkners Terrace, Kilmainham, Dublin 8",2,2,70
550000,"Apartment 37, Forbes Quay Apartments, Grand Canal Dock, Dublin 2",2,2,74
1395000,"Laurel House, 122, Ranelagh, Dublin 6",5,3,254
4750000,"Tresillian House, Brighton Road, Foxrock, Dublin 18",5,4,414
34,,,,
430000,"46 Saint Brigid's Park, Foxrock, Foxrock, Dublin 18",3,1,84
950000,"Coil Coille, 80 Slieve Rua Drive, Stillorgan, Co. Dublin",,,038
895000,"3 Merton Walk, Mount St Annes, Milltown, Dublin 6",4,3,158
525000,"23 Fontenoy Street, Phibsborough, Dublin 7",2,1,71
750000,"132 Botanic Avenue, Glasnevin, Dublin 9",3,2,127
325000,"43 Rosehaven, Castleknock, Dublin 15",3,2,121
375000,"51 Hazelbury Green, Clonee, Dublin 15",3,3,100
395000,"Apartment 17, Chamberlain Court, 11/13 Richmond Avenue, Dublin 3",3,3,104
3000000,"11 Raglan Road, Ballsbridge, Dublin 4",5,4,341
590000,"12 Auburn Drive, Castleknock, Castleknock, Dublin 15",3,3,108
350000,"12 Hogan Square, Hogan Place, Dublin 2",2,1,62
750000,"90 Castleknock Park, Castleknock, Dublin 15",4,3,132
325000,"Apartment 2, 1 Palace Street, Dublin 2",2,1,48
1095000,"40 Charleville Square, Rathfarnham, Rathfarnham, Dublin 14",5,4,227
675000,"2 Orchardstown House, Washington Lane, Rathfarnham, Dublin 14",3,2,124
300000,"Apartment 26, The Schooner, Alverno, Clontarf, Dublin 3",1,1,
325000,"17 Bluebell Avenue, Bluebell, Dublin 12",2,2,71
1100000,"2 Feldberg Upper Glenageary Road Glenageary, Glenageary, Co. Dublin",4,4,176
575000,"17 The Walk, Woodpark, Ballinteer, Dublin 16",3,1,100
850000,"17 The Rise Barnhill Road Dalkey, Dalkey, Co. Dublin",4,2,120
640000,"22 The Avenue, Carrickmines Green, Carrickmines, Dublin 18",4,4,150
350000,"10 James Street North, North Strand, Dublin 3",3,3,105
260000,"10 Linnetfields Square, Clonee, Dublin 15",2,,79
250000,"20 Thornberry Square, Clonee, Dublin 15",2,1,65
280000,"Apartment 61, Block A, The Waterside, Dublin 4",1,1,33
315000,"Apartment 158, Temple Gardens, Northwood, Santry, Dublin 9",3,2,117
795000,"111 Botanic Road, Glasnevin, Dublin 9",5,1,163
575000,"9 White's Villas, Dalkey, Co. Dublin",2,1,80
489500,"Apartment 36, The Sycamore, Trimbleston, Goatstown, Dublin 14",2,2,87
3250000,"Azalea, 139 Stillorgan Road Donnybrook Dublin 4, Donnybrook, Dublin 4",5,6,372
295000,"2 Northbrook Terrace, North Strand, North Strand, Dublin 3",3,1,78
335000,"Apartment 8, Alexandra Quay, York Road, Ringsend, Dublin 4",2,1,72
545000,"Bella Vista, 35 Cedarwood Road, Glasnevin, Dublin 11",4,2,170
1375000,"12a Carrickbrack Road, Sutton, Dublin 13",5,2,186
,,,,
275000,"64 Belcamp Avenue, Darndale, Dublin 17",4,1,90
290000,"Apartment 196, Temple Court, Northwood, Santry, Dublin 9",2,2,69
259000,"16 Woodford Meadows, Clondalkin, Clondalkin, Dublin 22",2,1,
265000,"Apartment 147, Block B, The Timber Mill, Artane, Dublin 5",2,1,54
1150000,"155 Vernon Avenue, Clontarf, Clontarf, Dublin 3",4,2,221
995000,"5 Longwood Avenue, South Circular Road, Portobello, Dublin 8",3,3,152
550000,"Apartment 59, Block 3, Seamount, Stillorgan, Co. Dublin",3,2,98
595000,"Apartment 152, Bushy Park House, Templeogue, Dublin 6W",3,2,100
585000,"5 Court View, Rathborne Avenue, Ashtown, Dublin 15",5,3,147
745000,"5 Donard Terrace, Annamoe Road, Dublin 7",4,2,141
725000,"2 Vernon Drive, Clontarf, Clontarf, Dublin 3",3,2,100
395000,"1 Summer Street North, North Circular Road, Dublin 1",4,1,89
265000,"13 Ashwood Drive, Clondalkin, Clondalkin, Dublin 22",3,2,102
465000,"18 Gallery Quay, Grand Canal Quay, Dublin 2",3,2,88
585000,"1 Marian Drive, Rathfarnham, Dublin 14",3,1,108
595000,"1 Brookvale, Brookvale Road, Dublin 4",2,2,70
260000,"Apartment 84, Whatley Hall, Clonee, Dublin 15",2,2,84
345000,"58 Bantry Square, Blanchardstown, Dublin 15",2,3,
595000,"30 Clonliffe Road (plus Attic Conversion), Drumcondra, Dublin 3",3,3,147
360000,"Apartment 61, The Dickens, The Gasworks, Ringsend, Dublin 4",1,1,51
350000,"Daletree View, Ballycullen, Firhouse, Dublin 24",2,1,
500000,"34 Hollystown Park, Hollystown, Hollystown, Dublin 15",4,3,195
220000,"10 Fernleigh Crescent, Castleknock, Castleknock, Dublin 15",1,1,44
750000,"81 The Elms, Mount Merrion Avenue, Blackrock, Co. Dublin",3,2,110
775000,"29 Carysfort Woods, Blackrock, Co. Dublin",4,2,134
290000,"Apartment 2, Block B1, The Bottle Works, Ringsend, Dublin 4",1,1,46
950000,"9 Brehons Chair, Kellystown Road, Rathfarnham, Dublin 14",4,2,192
245000,"11 Windmill Court, Clonsilla, Dublin 15",2,2,62
495000,"47 Eden Villas, Glasthule, Co. Dublin",2,2,69
260000,"Apartment 13, Madison House, Rathgar, Dublin 6",1,1,46
,,,,
780000,"588 Howth Road, Raheny, Raheny, Dublin 5",4,3,182
549000,"8 Castelmoyne, Balgriffin, Dublin 13",5,4,174
395000,"69 Kirkpatrick House, Spencer Dock, IFSC, Co. Dublin",2,2,68
1250000,"6 Glaunsharoon, Eglinton Road, Donnybrook, Dublin 4",3,4,170
,,,,
295000,"3 Northbrook Terrace, North Strand, North Strand, Dublin 3",3,1,78
375000,"2 Latchford Park, Clonee, Dublin 15",3,3,
,"113 Phibsborough Road, Phibsborough, Dublin 7",,,49
1695000,"77 Ranelagh Road, Ranelagh, Dublin 6",3,2,228
635000,"11 Ramleh Hall, Mount St Annes, Milltown, Dublin 6",2,2,104
525000,"35 Merrion Strand, Sandymount, Dublin 4",2,1,62
425000,"39 South Dock Street, Ringsend, Dublin 4",2,1,57
275000,"11 Kearns Place, Kilmainham, Dublin 8",2,1,59
285000,"21 Belfry Grove, Citywest, Citywest, Co. Dublin",3,2,
295000,"Site to rear of 176 Botanic Road, Glasnevin, Dublin 9",,,004
695000,"4 Adrian Avenue, Harold's Cross, Dublin 6W",3,2,106
950000,"Apartment 419, Block 3/4, Gracepark Manor, Drumcondra, Dublin 9",4,4,250
305000,"14 Merchant Square, East Wall, East Wall, Dublin 3",2,1,56
1250000,"3 Stoney Road, Dundrum, Dundrum, Dublin 14",4,2,175
275000,"Apartment 162, Burnell Square, Mayne River Way, Clarehall, Dublin 13",2,2,82
320000,"Apartment 1, Waveney House, Howth, Dublin 13",1,1,55
595000,"19 Woodlawn Grove, Churchtown, Dublin 14",3,1,90
3975000,"Glenmore, 63 Orwell Park, Rathgar, Dublin 6",5,4,341
325000,"7 Morehampton Square, Donnybrook, Dublin 4",1,1,42
350000,"12 Susanville Road, Drumcondra, Dublin 3",2,1,63
395000,"103 Ceannt Fort, Kilmainham, Dublin 8",2,1,73
450000,"78 Aughrim Street, Stoneybatter, Dublin 7",2,2,95
395000,"4 Knightswood, Santry, Santry, Dublin 9",4,3,
295000,"153 Pugin House, Loreto Abbey, Rathfarnham, Dublin 14",1,1,46
450000,"43 Montpelier Gardens D07E205, Dublin 7",3,2,92
1175000,"10 Barnhill Grove, Barnhill Road, Dalkey, Co. Dublin",4,3,195
6900000,"Mount Alverno, Sorrento Road, Dalkey, Co. Dublin",5,5,655
1190000,"2 Monaloe Crescent, Blackrock, Co. Dublin",3,2,120
255000,"35 Linnetfields Square, Clonee, Dublin 15",2,1,75
425000,"34 Gordon Street, Ringsend, Ringsend, Dublin 4",2,2,66
470000,"2a Dartmouth Place, Ranelagh, Dublin 6",2,1,
695000,"61 Flower Grove, Glenageary, Co. Dublin",4,2,126
395000,"8 Chancery Court, Chancery Lane, Dublin 8",2,2,76
,,,,
575000,"1 Dodderbrook View, Ballycullen, Dublin 24",4,3,146
295000,"Apartment 9, Richmond Square, Morning Star Avenue, Dublin 7",2,1,65
,,,,
450000,"19 Cloncurry House, Spencer Dock, IFSC, Dublin 1",2,2,74
234,,,,
740000,,,,
,,,,
,,,,
,,,,
235000,"3 Finn Eber Square, Finglas, Finglas, Dublin 11",2,1,71
269000,"64 Grange View Road, Clondalkin, Clondalkin, Dublin 22",3,2,
1250000,"Vico, The Victorian Villa, The Court Killiney Bay, Killiney, Co. Dublin",2,3,243
425000,"15 Bargy Road, East Wall, East Wall, Dublin 3",3,1,94
535000,"Apartment 31, Milltown Grove, Milltown, Dublin 6",3,2,96
222500,"The Eden, Prospect Hill, Finglas, Dublin 11",2,2,
179950,"The Beech, Clonshaugh Woods, Clonshaugh, Dublin 17",2,1,
299000,"5 Ellensborough Grange, Kiltipper Road, Kiltipper, Dublin 24",2,1,
320000,"Apartment 11, Poolbeg Quay, Dublin 4",2,1,65
230000,"24 Rialto Cottages, Rialto, Dublin 8",1,1,39
445000,"34 Murtagh Road, Stoneybatter, Stoneybatter, Dublin 7",2,1,80
350000,"Apartment 101, Saint Gabriels, Cabinteely, Dublin 18",2,2,77
170000,"Newtown court way, Coolock, Dublin 13",2,2,85
265000,"19 Lurgan Street, Smithfield, Dublin 7",2,1,56
470000,"7A Allenton Drive, Tallaght, Dublin 24",3,3,133
1200000,"24 Chelmsford Road, D06KT50, Ranelagh, Dublin 6",,,185
550000,"11 Ratra Road, Navan Road, Dublin 7",3,2,118
305000,"30 Bunratty Avenue, Coolock, Dublin 17",4,1,80
650000,"9 Alma Court, Alma Road, Monkstown, Co. Dublin",2,2,104
395000,"16 Rochfort House, Brennanstown, Cabinteely, Dublin 18",2,2,79
385000,"27 Bessborough Avenue, North Strand, Dublin 3",2,1,99
395000,"8B The Woodlands, Rathfarnham, Dublin 14",2,1,
375000,"Apartment 3 Steevens Gate, Block 1, James Street, Dublin 8",3,1,
170000,"Apartment 36 Clifden Court, Ellis Quay, Dublin 7",1,1,
200000,"Apartment 33, Clipper View, Liffey Street West, Dublin 7",2,1,
360000,"Apartment 25, Longford House, Spencer Dock, Dublin 1",2,2,
745000,"14 Merton Avenue, South Circular Road, Dublin 8",3,1,109
1475000,"Penthouse 3, Killiney Hill Park, Killiney, Co. Dublin",3,3,242
320000,"132 Captains Avenue, Crumlin, Dublin 12",2,1,
380000,"57 Connolly Avenue, Inchicore, Dublin 8",3,1,
895000,"1 Strand Mews Lea Road Sandymount Dublin 4, Sandymount, Dublin 4",3,3,145
2250000,"4 Cross Avenue Blackrock, Blackrock, Co. Dublin",5,4,278
595000,"53 Lower Drumcondra Road, Drumcondra, Dublin 9",4,,173
355000,"87 Floraville Avenue, Clondalkin, Clondalkin, Dublin 22",3,1,95
325000,"9 Glasnevin Oaks, Glasnevin, Dublin 11",2,,64
195000,"Apartment 2, Tymon Farm, Tymon Lane, Tallaght, Dublin 24",2,2,79
215000,"25 Hunters Hall, Ballycullen, Dublin 16",1,1,59
365000,"68 Larkhill Road, Whitehall, Dublin 9",2,1,61
315000,"6 Saint Patricks Park, Clondalkin, Dublin 22",3,2,
300000,"8 Monastery Heath Square, Clondalkin, Dublin 22",3,3,
270000,"13 Avonbeg Road, Tallaght, Tallaght, Dublin 24",3,1,75
385000,"27 Bessborough Avenue, North Strand, North Strand, Dublin 3",2,1,99
209000,"6 Sherbourne Court, Charlestown Road, Ranelagh, Dublin 6",,1,
560000,"Apartment 110, Milltown Hall, Milltown Avenue, Mount Saint Annes, Milltown, Dublin 6",2,2,90
295000,"16 Castlegrange Row, Clonsilla, Clonee, Dublin 15",2,3,72
424950,"33 Reuben Street, Rialto, Rialto, Dublin 8",3,1,
795000,"1&3 Charleville Manor, Firhouse Road, Knocklyon, Dublin 16",4,3,
395000,"35 Rothe Abbey, Kilmainham, Dublin 8",2,1,62
595000,"31 All Saints Road, Raheny, Dublin 5",3,2,107
595000,"22 Ludford Road, Ballinteer, Dublin 16",3,1,92
625000,"8 Eden Park Mews, Summehill Road, Dun Laoghaire, Glasthule, Co. Dublin",3,2,
895000,"14 Marino Park, Blackrock, Co. Dublin",3,2,110
185000,"Apartment 15 Rosedale, Tyrconnell Street, Dublin 8",1,1,
475000,"16 Templeroan Green, Rathfarnham, Knocklyon, Dublin 16",2,2,116
495000,"6A & 6B, 6-8 La Touche Road, Bluebell, Dublin 12",4,2,103
289000,"112 Cromcastle Road, Coolock, Coolock, Dublin 5",3,1,74
230000,"Apartment 49, Bracken Hill, Sandyford, Dublin 18",2,1,
190000,"Hampton Wood Road, Finglas, Dublin 11",1,2,
995000,"33 St Helen's Road, Booterstown, Co. Dublin",4,2,143
230000,"Lanesborough Mews, Finglas, Finglas, Dublin 11",3,2,
305000,"30 Bunratty Avenue, Coolock, Coolock, Dublin 5",4,1,80
625000,"6 Kingston Lawn, Ballinteer, Ballinteer, Dublin 16",3,3,123
395000,"10 Castleview, Artane, Dublin 5",3,2,116
250000,"194 Blackditch Road, Ballyfermot, Ballyfermot, Dublin 10",3,1,80
875000,"5 Mounttown Road Lower, Dun Laoghaire, Co. Dublin",4,2,198
325000,"Apartment 1, Apartment 1, Claremount, Shankill, Dublin 18",2,2,78
1050000,"18 Coppinger Wood Stillorgan Park Road Blackrock, Blackrock, Co. Dublin",4,3,175
1700000,"19 Georgian Village, Castleknock, Dublin 15",4,3,207
395000,"20 Riversdale Avenue, Palmerstown, Palmerstown, Dublin 20",4,3,110
250000,"14 Blessington Lane, Dublin 7",2,1,
215000,"42 Edenmore Drive, Edenmore, Dublin 5",3,1,
645000,"19 Oaklands Terrace, Terenure, Terenure, Dublin 6",3,2,117
310000,"Apartment 34, Saint James's Woods, Dublin 8",2,1,64
295000,"4 Bluebell Road, Bluebell, Bluebell, Dublin 12",3,1,109
375000,"15 Gordon Street, Ringsend, Dublin 4",2,1,52
475000,"2 Station Road, Hansfield, Clonsilla, Dublin 15",4,3,153
289000,"6 Cherrywood Crescent, Clondalkin, Dublin 22",3,1,
330000,"17 Reilly's Avenue, Cork Street, South Circular Road, Dublin 8",3,2,72
725000,"8 Belarmine Woods, Stepaside, Dublin 18",4,3,168
250000,"1 Berry's Close, Spa Road, Inchicore, Dublin 8",2,1,55
340000,"166 McKee Avenue, Finglas, Finglas, Dublin 11",3,1,97
545000,"129/130 Lower Georges Street, Dun Laoghaire, Co. Dublin",3,,
220000,"Apartment 13 Horan Hall, Belgard Square, Tallaght, Dublin 24",2,2,
275000,"201 Ballyfermot Road, Ballyfermot, Ballyfermot, Dublin 10",2,2,87
1700000,"16 Thormanby Hill, Howth, Dublin 13",5,5,312
295000,"11 Cormac Terrace, Terenure, Terenure, Dublin 6",2,1,42
750000,"Kilcommon, 187 Cabra Road, Dublin 7",4,3,150
675000,"145 Whitehall Road, Terenure, Dublin 6",2,1,105
900000,"10 Ard Na Gréine, Eaton Brae, Off Orwell Road, Rathgar, Dublin 6",2,3,
750000,"7 Woodley Park, Kilmacud, Co. Dublin",3,2,150
395000,"2 Holywell Crescent, Donaghmede, Dublin 13",3,2,143
325000,"41 Emerald Square, Cork Street, Dublin 8",2,1,
225000,"Apartment 92, Annia Livia, Viking Harbour Apartments, Dublin 8",1,1,33
300000,"51 Ashbrook, Ashtown, Dublin 15",2,1,52
220000,"Apartment 20 Portside, West Road, Dublin 3",2,1,
250000,"17 Mount Eustace Drive, Tyrellstown, Tyrrelstown, Dublin 15",2,2,
525000,"193 Apples Road, Wedgewood, Sandyford, Dublin 18",3,1,80
515000,"13 Eden Terrace, Glasthule, Co. Dublin",2,1,63
290000,"6 Richmond Cottages, North Circular Road, Dublin 1",3,1,112
225000,"Apartment 25 Burnell Square, Malahide Road, Northern Cross",2,2,
285000,"11 Willow Wood Walk, Hartstown, Hartstown, Dublin 15",3,1,110
449000,"31 Oak Avenue, Royal Oak, Santry, Dublin 9",4,3,
325000,"Apartment 18, Mountbrook, Blackrock, Co. Dublin",1,1,50
275000,"10 Homelawn Road, Tallaght, Dublin 24",3,1,80
1500000,"17 Hermitage Close, Rathfarnham, Dublin 16",4,3,208
795000,"33 Linden Grove, Blackrock, Co. Dublin",4,2,144
450000,"53 Ashington Gardens, Ashington, Navan Road, Dublin 7",3,1,102
695000,"41 Seafield Crescent, Booterstown, Co. Dublin",3,2,128
395000,"Apt. 20 Dundrum Gate Dundrum Dublin 16, Dundrum, Dublin 16",2,2,62
495000,"11 Riverwood Dale, Castleknock, Dublin 15",3,3,138
375000,"6 Brookfield Road, Kilmainham, Dublin 8",2,1,91
995000,"2 Louvain Glade, Ardliea, Clonskeagh, Dublin 14",3,3,170
595000,"22 Brookwood Park, Artane, Dublin 5",3,1,102
525000,"18 Foxfield Grove, Blackbanks, Raheny, Dublin 5",3,2,115
395000,"22 Finsbury Green, Churchtown Road Upper, D14TN97, Churchtown, Dublin 14",2,1,62
325000,"180 Clifden Court, Ellis Quay, Dublin 7",2,1,51
335000,"12B Rathborne Close, Ashtown, Dublin 15",2,2,86
300000,"110 Bertram Court, Christchurch, Lamb Alley, Dublin 8",2,1,59
260000,"21 Corduff Place, Blanchardstown, Dublin 15",3,1,81
199000,"12 Enaville Avenue, North Strand, Dublin 3",1,1,35
500000,"10 Castleknock Drive, Laurel Lodge, Castleknock, Dublin 15",4,2,107
545000,"10 Beverly Lawns, Knocklyon, Knocklyon, Dublin 16",3,3,115
895000,"1 Town Houses, Terenure Road East, Terenure, Dublin 6",5,4,177
795000,"8 Hawthorn Manor, Blackrock, Co. Dublin",4,3,125
285000,"26 Brian Boru Avenue, Clontarf, Clontarf, Dublin 3",1,1,32
295000,"5 Beresford House, Custom House Square, IFSC, Dublin 1",1,1,42
385000,"78 Grange Abbey Grove, Baldoyle, Baldoyle, Dublin 13",3,2,135
850000,"18 Morehampton Terrace, Donnybrook, Donnybrook, Dublin 4",3,1,109
235000,"Apartment 4, The Weavers, Dublin 8",1,1,
325000,"511 Carnlough Road, Cabra West, Cabra, Dublin 7",2,1,60
395000,"1 Sandymount Village Centre, Sandymount Road, Sandymount, Dublin 4",1,1,74
420000,"20 Maolbuille Road, Glasnevin, Dublin 11",3,1,87
250000,"Saint Judes, Bluebell Avenue, Bluebell, Dublin 12",3,2,90
424950,"19 Carriglea Gardens, Kill Avenue, Dun Laoghaire, Co. Dublin",2,2,70
389000,"Saint Annes, Monastery Road, Clondalkin, Dublin 22",3,1,104
495000,"8 Vernon Court, Clontarf, Dublin 3",2,1,74
525000,"6 Muckross Crescent, Perrystown, Perrystown, Dublin 12",3,2,130
575000,"53 Woodside, Dodder Park Road, Rathfarnham, Dublin 14",3,3,101
645000,"43 The Holly, Rockfield, Dundrum, Dublin 16",3,3,129
1300000,"71 Belmont Avenue, Donnybrook, Dublin 4",5,3,180
324950,"16 Great Western Villas, Phibsborough, Phibsborough, Dublin 7",2,1,
390000,"3 Geraldine Terrace, Milltown Road, Milltown, Dublin 6",2,1,65
325000,"28 Sweetman House, Myrtle Drive, The Coast, Baldoyle, Dublin 13",3,2,104
300000,"153 Windmill Park, Crumlin, Dublin 12",2,2,
190000,"Apartment 62, The Academy, Park West, Dublin 12",2,2,62
215000,"61 Broadfield Hall, Tallaght Cross, Tallaght, Dublin 24",2,1,68
575000,"13 Diswellstown Heath, Castleknock, Dublin 15",3,3,113
590000,"70 The Paddocks, Navan Road (D7), Dublin 7",3,3,
279000,"Apartment 186, Skellig Michael, Custom House Harbour Apartments, IFSC, Dublin 1",1,1,40
250000,"48 Eugene Street, Dublin 8",1,1,42
259000,"32 Belmayne Park North, Balgriffin, Balgriffin, Dublin 13",2,1,69
470000,"1 Loftus Lane, Belmont, Sandyford, Dublin 18",2,3,85
800000,"58 Fosterbrook, Stillorgan Road, Booterstown, Co. Dublin",4,3,161
200000,"15a Kenilworth Park, Harold's Cross, Dublin 6",,,
750000,"72 Lower Dodder Road Rathfarnham Dublin 14, Rathfarnham, Dublin 14",3,2,118
420000,"62 Adair Sandymount Avenue Dublin 4, Sandymount, Dublin 4",2,,
520000,"13 Alder Lodge, Farmleigh Woods, Castleknock, Dublin 15",2,2,94
275000,"Apartment 28, Rathmines Town Centre, Rathmines, Dublin 6",1,1,36
525000,"20 Brookwood Grove, Artane, Dublin 5",3,1,105
289950,"64 Cherrywood Drive, Clondalkin, Clondalkin, Dublin 22",3,1,74
345000,"35 Kickham Road, Inchicore, Inchicore, Dublin 8",3,1,80
1500000,"Garrison Cottage, Strand Road, Killiney, Co. Dublin",4,2,180
225000,"6 Saint Canice's Court, Finglas, Finglas, Dublin 11",2,1,65
525000,"4 Grange Grove, Deans Grange, Co. Dublin",3,1,128
230000,"89 Fernleigh Drive, Castleknock, Carpenterstown, Dublin 15",1,1,49
795000,"4 Glenomena Park, Booterstown, Co. Dublin",4,3,137
295000,"12 Páirc Na Cuileann, Ballymun, Ballymun, Dublin 11",4,3,100
235000,"33 Curragh Hall Crescent, Tyrellstown, Tyrrelstown, Dublin 15",2,3,81
495000,"4 The Rise, Carrickmines Manor, Carrickmines, Dublin 18",3,3,
175000,"Rose Cottage, 63 New Vale Cottages, Shankill, Dublin 18",,,008
280000,"46 Hunters Avenue, Hunters Wood, Ballycullen, Dublin 24",2,2,
550000,"17 Merville Road, Stillorgan, Co. Dublin",3,2,
280000,"50 Knockmaree, Chapelizod, Dublin 20",2,2,60
825000,"36 Home Farm Road Drumcondra Dublin 9, Drumcondra, Dublin 9",4,2,145
235000,"Apartment 1, Hillcrest House, Rathgar, Dublin 6",1,1,35
310000,"16 Woodbrook Court, Porterstown, Castleknock, Dublin 15",3,2,
525000,"6 St Patrick's Cottages, Rathfarnham, Dublin 14",3,1,70
245000,"27 The Steeples, Chapelizod, Chapelizod, Dublin 20",2,1,66
595000,"22 Brookwood Park, Artane, Artane, Dublin 5",3,1,102
300000,"Apartment 134, Clifden Court, Dublin 7",2,1,56
295000,"203 Captains Road, Crumlin, Dublin 12",3,,
235000,"207 The Crescent Building, Park West, Dublin 12",2,2,91
725000,"18 St Alphonsus' Road Lower (Pre'63 Plus Site with FPP), Drumcondra, Dublin 9",6,3,170
475000,"105 Saint Attracta Road, Cabra, Dublin 7",3,2,98
470000,"6 Bolton Grove, Ballyboden Road, Rathfarnham, Dublin 14",2,2,85
560000,"5 Bolton Grove, Ballyboden Road, Rathfarnham, Dublin 14",3,2,115
575000,"66 Pembroke Cottages Donnybrook Dublin 4, Donnybrook, Dublin 4",1,1,86
495000,"17 Rock Road, Blackrock, Co. Dublin",2,1,61
275000,"4 Catherine's Lane, Constitution Hill, Dublin 7",1,1,48
395000,"12 Rosemount Court, Booterstown, Co. Dublin",2,1,58
1300000,"4 Carlton, Pembroke Gardens, Ballsbridge, Dublin 4",3,3,184
1250000,"Dalkey Manor, Dalkey, Co. Dublin",4,4,193
575000,"273 Navan Road, Dublin 7",5,2,158
159500,"52 Elmfield Court, Clondalkin, Dublin 22",1,1,
575000,"Apartment 4, The Square, Beggar's Bush, Ballsbridge, Dublin 4",2,1,59
620000,"2 Cranmer Place, Haddington Road, Dublin 4",3,3,93
205000,"Apartment 55, Bolton Square, Dublin 1",1,1,41
280000,"115 Saint Attracta Road, Cabra, Cabra, Dublin 7",2,1,61
280000,"47 Hunters Lane, Hunters Wood, Ballycullen, Dublin 24",2,1,63
685000,"17 Balkill Park, Howth, Dublin 13",3,2,128
500000,"20 Lanesville, Off Monkstown Avenue, Dun Laoghaire, Co. Dublin",,,009
295000,"15 Park Crescent House, Blackhorse Avenue, Dublin 7",2,1,57
375000,"32 Castleknock Elms, Castleknock, Dublin 15",3,1,104
255000,"72 Saul Road, Crumlin, Crumlin, Dublin 12",3,1,74
235000,"51 The Steeples, Chapelizod, Chapelizod, Dublin 20",2,1,62
395000,"32 Ashcroft, Raheny, Dublin 5",3,1,76
1200000,"21 Grove Park, Rathmines, Dublin 6",9,,204
495000,"131 Raheny Road, Raheny, Dublin 5",3,1,108
250000,"Apartment 180, Temple Court, Northwood, Santry, Dublin 9",2,2,68
265000,"6 Westbourne View, Clondalkin, Clondalkin, Dublin 22",3,1,73
300000,"Apartment 14, Garthy Wood, Knocklyon, Dublin 16",2,2,
875000,"4 Cumberland Road, Off Fitzwilliam Place, Dublin 2",2,2,110
925000,"5 Kilgobbin Lawn, Stepaside, Stepaside, Dublin 18",4,3,169
375000,"79 Burnell Square, Malahide Road, D17YP28, Northern Cross",2,2,
490000,"1 Walker's Cottages, Ranelagh, Ranelagh, Dublin 6",2,1,82
325000,"337 Bunratty Road, Coolock, Coolock, Dublin 5",3,1,85
324950,"61 Walkinstown Avenue, Walkinstown, Dublin 12",3,1,
425000,"303 Castleforbes Square, Castleforbes Road, Dublin 1",2,2,90
995000,"38 Merlyn Road, Ballsbridge, Dublin 4",4,1,173
350000,"4 Leinster Street East, North Strand, North Strand, Dublin 3",3,1,88
335000,"41 Willows Drive, Clonsilla, Hartstown, Dublin 15",3,2,100
600000,"118 Dorset Street Upper, Dublin 1",4,2,148
324950,"19 Kilfenora Road, Kimmage, Dublin 12",2,1,
360000,"Apartment 122, The Lighthouse, Church Road, East Wall, Dublin 3",2,2,
535000,"3 Martin Grove, Blackhorse Avenue, Dublin 7",3,3,126
360000,"32 Grangemore Grove, Donaghmede, Donaghmede, Dublin 13",3,1,79
325000,"12 Clonshaugh Glen, Clonshaugh, Dublin 17",3,2,97
365000,"32 Drumcliffe Road, Cabra, D07, Dublin 7",2,1,60
1795000,"Newhaven, Marlborough Park, Glenageary, Co. Dublin",5,4,236
475000,"12 O'Carolan Road, The Tenters, Dublin 8",3,2,83
625000,"Rooftops, 7 Waltersland Road, Stillorgan, Co. Dublin",3,1,118
475000,"23 Ailesbury Mews, Sandymount, Dublin 4",2,1,74
320000,"10 Cavalry Row, Dublin 7",2,1,
470000,"Apartment 95, Block B, Smithfield Market, Smithfield, Dublin 7",2,2,
320000,"5 Newlands Road, Clondalkin, Dublin 22",3,2,
620000,"11 & 12 Wilson Terrace, Hanbury Lane, Dublin 8",6,2,
410000,"30 Murtagh Road, Stoneybatter, Stoneybatter, Dublin 7",2,1,64
250000,"68 Cherrywood Grove, Clondalkin, Clondalkin, Dublin 22",3,1,71
370000,"12 Ivar Street, Stoneybatter, Stoneybatter, Dublin 7",2,1,57
925000,"14 Stradbrook Grove, Blackrock, Co. Dublin",5,3,156
225000,"15 Sheepmoor Grove, Blanchardstown, Dublin 15",3,1,85
1800000,"12 Merton Road, Rathmines, Dublin 6",5,2,217
625000,"14 Wellpark Avenue, Drumcondra, Dublin 9",2,1,100
425000,"30 Avondale Avenue, Phibsborough, Dublin 7",2,1,
600000,"45 & 60 Wintergardens, Pearse Street, Dublin 2",2,2,
425000,"36 The Courtyard, Fortfield Square, College Drive, Terenure, Dublin 6",2,2,77
480000,"32 Brookwood Crescent, Artane, Dublin 5",3,1,95
625000,"21 St. Assams Road West, Raheny, Dublin 5",3,2,115
580000,"21 Pelletstown Avenue, Ashtown, Dublin 15",5,4,
310000,"9 Saint Joseph's Place, Prussia Street, Stoneybatter, Dublin 7",2,1,56
925000,"29 Clare Road, Drumcondra, Dublin 9",4,1,116
850000,"2 Kilteragh Pines, Off Westminster Road, Foxrock, Dublin 18",3,2,190
365000,"5 Slaney House, Custom House Square, IFSC, Dublin 1",2,1,67
474950,"11 Grange Terrace, Deans Grange, Co. Dublin",2,1,72
375000,"1 Castlepark Residence, Castlepark Road, Dalkey, Co. Dublin",1,1,50
375000,"55 St Mary's Road, East Wall, Dublin 3",3,2,104
265000,"50 Saint John's Close, Clondalkin, Clondalkin, Dublin 22",2,1,
269950,"Apartment 182, Block C, Lymewood Mews, Northwood, Santry, Dublin 9",2,2,
230000,"44 Rossmore Road, Ballyfermot, Dublin 10",2,1,78
3500000,"15 Edward Square, Bloomfield Avenue, Donnybrook, Dublin 4",4,4,382
215000,"20 Brabazon Square, The Coombe, Dublin 8",2,1,35
525000,"15 Riverwood Green, Castleknock, Castleknock, Dublin 15",3,3,117
575000,"13 Saint Mary's Street, Dun Laoghaire, Co. Dublin",2,1,86
575000,"9 Saint Thomas Road, South Circular Road, South Circular Road, Dublin 8",3,2,91
450000,"Apartment G, Coliemore Apartments, Dalkey, Co. Dublin",1,1,74
795000,"11 Knockcree, Carrickmines, Dublin 18",5,3,226
395000,"58 Beechwood Court, Stillorgan, Co. Dublin",2,2,65
320000,"131 Windmill Park, Crumlin, D12X6X2, Dublin 12",3,2,
365000,"10 Northbrook Avenue Upper, North Strand, Dublin 3",3,1,80
150000,"16 Carrigmore Grove, Aylesbury, Tallaght, Dublin 24",,,02
300000,"2 Carrigmore Park, Tallaght, Dublin 24",,,025
529950,"Apartment 30, Belville Court, Johnstown Road, Dun Laoghaire, Co. Dublin",3,2,93
235000,"Apartment 59, Pier 19, Dublin 8",1,1,45
395000,"135 St Saint Columbanus Road, Dundrum, Dublin 14",2,1,65
450000,"6 Rathsallagh Grove, Shankill, Dublin 18",4,4,114
450000,"26 Riverwood Grove, Castleknock, Dublin 15",3,3,98
395000,"Apartment 107, Block A Grande Central, Rockbrook, Sandyford, Dublin 18",2,2,79
395000,"51 Balfe Road, Walkinstown, Walkinstown, Dublin 12",3,1,80
625000,"2B Woodlands Road, Cabinteely, Dublin 18",3,2,120
395000,"3 Convent Road, Dun Laoghaire, Co. Dublin",2,2,65
465000,"72 Park Drive Green, Castleknock, Dublin 15",3,2,84
279000,"Apartment 6, Manor Hall, Mount Brown, Kilmainham, Dublin 8",2,1,
240000,"Apartment 39, Westend Village, Blanchardstown, Dublin 15",2,1,
295000,"Apartment 11, Burnell Court, Mayne River Avenue, Clarehall, Dublin 13",2,2,66
625000,"20 Fonthill Park, Rathfarnham, Rathfarnham, Dublin 14",4,2,144
549950,"61 Rathlyon Grove, Ballycullen, Dublin 24",5,3,
475000,"21 Burton House, Custom House Square, IFSC, Dublin 1",2,2,
290000,"Apartment 181, Block C, Santry, Dublin 9",2,2,75
299950,"485A Bluebell Avenue, Bluebell, Bluebell, Dublin 12",3,2,
295000,"51 Mulroy Road, Cabra West, Cabra, Dublin 7",2,1,
495000,"1 Glasilawn Avenue, Glasnevin, Glasnevin, Dublin 11",3,1,115
350000,"26 Saint John's Gate, Clondalkin, Clondalkin, Dublin 22",3,1,138
415000,"21 Seamount, Booterstown, Co. Dublin",2,2,71
545000,"244 Foxrock Grove, Foxrock, Dublin 18",2,1,67
400000,"3 Moss Cottages, Enniskerry Road, Kilternan, Dublin 18",2,1,72
780000,"Ivanhoe, Bird Avenue, Clonskeagh, Dublin 14",3,1,105
395000,"74 Cherrywood, Loughlinstown, Co. Dublin",2,1,69
550000,"59 Brookwood Avenue, Artane, Artane, Dublin 5",3,2,100
325000,"33 Clanmaurice Road, Donnycarney, Dublin 3",3,1,73
575000,"53 Willington Crescent, Templeogue, Dublin 6W",3,1,
299000,"356 Captains Road, Crumlin, Dublin 12",2,1,
745000,"7 Clonkeen Drive Foxrock Dublin 18, Foxrock, Dublin 18",4,1,138
595000,"52 Woodview Mount Merrion Avenue Blackrock, Blackrock, Co. Dublin",2,2,76
550000,"18 Arkendale Woods Arkendale Road Glenageary, Glenageary, Co. Dublin",3,2,80
355000,"Apartment 1, Littlewood, Belarmine Avenue, Stepaside, Dublin 18",2,2,79
370000,"35 Saint Mochta's Road, Clonsilla, Dublin 15",3,2,98
295000,"6 Boulevard, Ballentree Village, Tyrrelstown, Dublin 15",4,3,120
975000,"28 Ardagh Crescent, Blackrock, Co. Dublin",4,3,203
225000,"4B Rainsford Avenue, Dublin 8",1,1,40
295000,"4 Boulevard, Ballentree Village, Tyrrelstown, Dublin 15",4,3,
199950,"Apartment 5, Rosebank View, Ninth Lock Road, Clondalkin, Dublin 22",2,2,67
475000,"53 Marrsfield Avenue, Belltree, Clongriffin, Dublin 13",4,2,138
220000,"63A Belcamp Avenue, Coolock, Priorswood, Dublin 17",3,2,93
840000,"17 Greenmount Court, Harold's Cross Road, Harold's Cross, Dublin 6",3,3,140
390000,"4 Burn Side, Magenta Crescent, Santry, Dublin 9",3,3,82
420000,"31 Mount Symon Lawn, Clonsilla, Clonsilla, Dublin 15",4,3,133
400000,"12 Portersgate Drive, Clonsilla, Clonsilla, Dublin 15",4,3,145
290000,"73 Maplewood Park, Springfield, Tallaght, Dublin 24",3,1,79
1100000,"52 Foxrock Manor, Foxrock, Dublin 18",4,3,155
445000,"15 Hazelbrook, Upper Kilmacud Road, Kilmacud, Co. Dublin",2,2,75
295000,"Chimneys, 32 Alpine Rise, Belgard, Tallaght, Tallaght, Dublin 24",3,1,96
400000,"485 North Circular Road, Dublin 7",3,1,106
2500000,"Saint Christophers, 101 Howth Road, Howth, Dublin 13",5,6,400
350000,"30 Pineview Rise, Aylesbury, Tallaght, Dublin 24",3,1,88
485000,"14 Leopardstown Abbey, Carrickmines, Leopardstown, Dublin 18",4,3,119
299950,"208 Beacon One, Sandyford, Dublin 18",1,1,
390000,"54 Castlemoyne, Balgriffin, Balgriffin, Dublin 13",3,3,117
345000,"Apartment 68, 25 Wolfe Tone Street, Dublin 1",2,1,60
,"Whitegate, Sandyford Road, Sandyford, Dublin 18",,,03
370000,"12 Hollywell, Poppintree Park Lane West, Poppintree, Dublin 11",4,3,116
995000,"9 Monkstown Road, Monkstown, Co. Dublin",4,3,
495000,"295 Nutgrove Avenue, Churchtown, Dublin 14",3,1,80
835000,"11 Avondale Lawn, Blackrock, Co. Dublin",4,1,131
99950,"Rear of 504 North Circular Road, Dublin 1",,,001
290000,"4 Woodford Villas, Clondalkin, Clondalkin, Dublin 22",3,1,
450000,"1, Verville Court, Vernon Avenue, Clontarf, Dublin 3",3,2,112
500000,"Penthouse 614 Cubes 1 Beacon South Quarter Sandyford Dublin 18, Sandyford, Dublin 18",3,2,169
345000,"418 Olcovar, Shankill, Dublin 18",2,2,66
875000,"40 Elkwood, Rathfarnham, Dublin 16",4,4,172
625000,"73 Greentrees Road, Manor Estate, Perrystown, Dublin 12",5,1,153
385000,"20 Treepark Drive, Tallaght, Dublin 24",3,2,101
365000,"430 Olcovar, Shankill, Dublin 18",2,2,84
395000,"23 Oaklands Crescent, Highfield Road, Rathgar, Dublin 6",2,1,76
350000,"3 Holywell Avenue, Donaghmede, Dublin 13",3,1,76
495000,"7 Railway Road, Dalkey, Co. Dublin",1,2,69
399950,"36 Saint Mary's Road North, East Wall, East Wall, Dublin 3",3,1,93
415000,"485 North Circular Road, Dublin 7",3,2,106
315000,"2 Block 6, Clarion Quay, IFSC, Co. Dublin",1,1,47
1050000,"2 Stradbrook Hall, Blackrock, Co. Dublin",4,3,160
275000,"Apartment 11, Woodleigh Ash, Highfield Road, Rathgar, Dublin 6",1,1,45
400000,"Apartment 1, 5 Upper George's Street, Dun Laoghaire, Co. Dublin",1,1,67
365000,"Apartment 2, 5 Upper George's Street, Dun Laoghaire, Co. Dublin",1,1,66
550000,"Apartment 3, 5 Upper George's Street, Dun Laoghaire, Co. Dublin",2,1,66
250000,"Apartment 20, Ashurst, Blackrock, Co. Dublin",,,41
292000,"71 Annagh Court, Waterville, Blanchardstown, Dublin 15",2,2,83
275000,"7 Deerpark Way, Kiltipper, Kiltipper, Dublin 24",3,3,88
265000,"14 Belfry Road, Citywest, Co. Dublin",2,2,68
525000,"121 Larkfield Grove, Harold's Cross, Harold's Cross, Dublin 6",3,3,100
495000,"14 Glencairn Court, The Gallops, Leopardstown, Dublin 18",3,2,115
1200000,"25 Beechwood Avenue Upper, Ranelagh, Dublin 6",4,,135
225000,"56 Third Avenue, Dublin 1",1,1,47
250000,"21 Brabazon Square, Dublin 8",1,1,38
264950,"Apartment 75, Ivy Exchange, Dublin 1",1,1,
324950,"40 Rathdrum Road, Crumlin, Dublin 12",2,1,
249950,"50 Galtymore Drive, Drimnagh, Dublin 12",2,1,
340000,"40 Lohunda Park, Clonsilla, Clonsilla, Dublin 15",4,1,107
550000,"3 Brompton Green, Castleknock, Dublin 15",4,2,123
235000,"Apartment 19, Lisin Glen, Ballyboggan Road, Glasnevin, Dublin 11",2,1,
290000,"Apartment 6, 39/40 Dorset Street Upper, Dublin 1",2,1,73
775000,"47 Cedarmount Road, Mount Merrion, Co. Dublin",4,2,155
395000,"Apartment 24, Littlewood, Belarmine Avenue, Stepaside, Dublin 18",2,3,86
525000,"8 Saint Enda's Road, Terenure, Dublin 6W",2,2,92
645000,"17 Castlefield Court, Knocklyon, Knocklyon, Dublin 16",5,3,154
395000,"78 Sycamore Road, Finglas, Glasnevin, Dublin 11",3,2,91
750000,"4 Oakley Park, Clontarf, Clontarf, Dublin 3",3,2,140
285000,"219 Sarsfield Road, Inchicore, Ballyfermot, Dublin 10",2,2,77
399950,"35 Dowland Road, Walkinstown, Dublin 12",3,2,
285000,"Apartment 19, Rosevale Apartments, Howth Road, Raheny, Dublin 5",2,1,65
285000,"71 Alderwood Avenue, Springfield, Tallaght, Dublin 24",3,1,
320000,"Apartment 26, Swift Hall, Castleknock, Dublin 15",2,2,72
240000,"Apartment 217, Block 5, Parklands, Northwood, Santry, Dublin 9",2,1,56
250000,"39 Foxdene Avenue, Lucan, Co. Dublin",3,2,87
270000,"44 Ballentree Crescent, Tyrellstown, Tyrrelstown, Dublin 15",3,3,78
600000,"118 Dorset Street Upper, Dublin 1",4,2,148
345000,"48 Homelawn Road, Tallaght, Dublin 24",3,1,80
625000,"33 Templeroan Avenue, Knocklyon, Dublin 16",3,,128
525000,"153 Moyville, Rathfarnham, Dublin 16",4,1,111
700000,"33 Garville Lane, Rathgar, Dublin 6",3,2,117
325000,"23 Durrow Road, Crumlin, Dublin 12",2,1,62
425000,"44 Elm Road, Donnycarney, Dublin 9",4,1,91
800000,"3 Barnhill Park, Saval Park Road, Dalkey, Co. Dublin",3,2,124
285000,"197 Castleforbes Square, Block D, North Dock, Dublin 1",1,1,46
295000,"182 Kildare Road, Crumlin, Crumlin, Dublin 12",2,2,74
230000,"Apartment 22, Cassian Court South, Ashtown, Dublin 15",1,1,47
335000,"30 BLOCK B2, Bow Bridge Place, Dublin 8",2,2,89
250000,"Apartment 107, Block A, Blackhall Square, Stoneybatter, Dublin 7",1,1,46
225000,"217 Cooley Road, Drimnagh, Dublin 12",2,1,
375000,"19 Pineview Rise, Aylesbury, Dublin 24",3,3,97
475000,"36 Saint Ignatius Road, Phibsborough, Dublin 7",2,1,83
650000,"91 Wainsfort Road, Terenure, Dublin 6",3,1,115
450000,"10 Whitehall Park, Terenure, Dublin 6",3,2,91
255000,"12 Main Street, Ongar Village, Ongar, Dublin 15",3,2,
275000,"51 Kilbarron Park, Kilmore, Kilmore, Dublin 5",4,3,103
295000,"Apartment 60, Windmill Terrace, Clonsilla, Dublin 15",2,2,
385000,"75 Forestwood Avenue, Santry, Santry, Dublin 9",3,2,88
395000,"133 Oliver Plunkett Avenue, Stella Gardens, Ringsend, Dublin 4",2,1,57
525000,"1A Lomond Avenue, Fairview, Fairview, Dublin 3",3,2,114
424950,"Apartment 73, Shanagarry, Milltown, Dublin 6",2,1,
895000,"50 Cabra Road, Phibsborough, Dublin 7",5,2,263
375000,"113A Seapark Drive, Clontarf, Clontarf, Dublin 3",1,1,38
239000,"20 Ballentree Grove, Tyrellstown, Tyrrelstown, Dublin 15",2,2,80
265000,"22 Ballentree Grove, Tyrellstown, Tyrrelstown, Dublin 15",3,2,85
225000,"Apartment 24, Discovery, Ashtown, Dublin 15",1,1,41
1475000,"68 Sandford Road, Ranelagh, Ranelagh, Dublin 6",6,6,299
290000,"14 Emerald Square, Dolphin's Barn, Dublin 8",2,1,54
590000,"56 Churchtown Road Lower, Churchtown, Dublin 14",3,2,90
315000,"1 Cassian Court East, Phelan Avenue, Royal Canal Park, Ashtown, Dublin 15",3,2,92
420000,"5 Castleknock Brook, Laurel Lodge, Castleknock, Dublin 15",3,2,89
230000,"Flat 1B, Bedford Court, Kimmage, Dublin 6W",1,1,45
339950,"91 Briarfield Grove, Kilbarrack, Kilbarrack, Dublin 5",4,1,
725000,"43 Ashfield, Templeogue, Templeogue, Dublin 6W",4,2,
290000,"101 Latchford Square, Castaheany, Clonee, Dublin 15",2,2,69
320000,"Apartment 56, The Ash, Parkview, Stepaside, Dublin 18",2,2,80
850000,"17 The Rise Barnhill Road Dalkey, Dalkey, Co. Dublin",4,2,120
750000,"11 Northumberland Place, Ballsbridge, Ballsbridge, Dublin 4",3,2,96
525000,"104 Clonliffe Road, Drumcondra, Dublin 3",3,1,82
375000,"13 St. Finbar Road, Cabra West, Dublin 7",3,1,
395000,"28 Castledawson, Sion Hill, Blackrock, Co. Dublin",2,1,62
725000,"48 Lynwood, Dundrum, Dundrum, Dublin 14",4,2,138
329950,"Apartment 6, Ridge Hall, Ballybrack, Co. Dublin",2,2,77
375000,"69 Red Arches Road, Baldoyle, Dublin 13",3,2,105
400000,"17 Cathedral View Walk, Dublin 8",3,1,81
2450000,"21 Pembroke Park Ballsbridge Dublin 4, Ballsbridge, Dublin 4",5,4,269
360000,"53 Saint John's Well Way, Kilmainham, Kilmainham, Dublin 8",2,2,85
425000,"Apartment 26, Fortwilliam, Blackrock, Co. Dublin",2,1,82
229950,"54 Seagrave Drive, Finglas, Finglas, Dublin 11",2,2,54
335000,"130 Rusheeney View, Clonsilla, Clonsilla, Dublin 15",3,3,114
199950,"Apartment 47, Moynihan Court, Tallaght, Dublin 24",2,1,50
275000,"4 Maplewood Road, Tallaght, Tallaght, Dublin 24",3,1,82
495000,"50 Strandville Avenue, North Strand, Dublin 3",3,1,86
475000,"126 Dorney Court, Shankill, Dublin 18",3,1,93
595000,"10 Wolseley Street, Dublin 8",3,2,120
340000,"2, 32 Cook Street, Christchurch, Dublin 8",2,2,78
175000,"Apartment 63, Bachelors Walk Apartments, Dublin 1",,,31
1050000,"16 Railway Cottages, Sandymount, Sandymount, Dublin 4",3,3,206
245000,"16 Stralem Court, Ongar Park, Ongar, Dublin 15",2,2,90
315000,"12 Monksfield Lawn, Clondalkin, Clondalkin, Dublin 22",4,2,116
495000,"50 Strandville Avenue, North Strand, North Strand, Dublin 3",3,1,86
685000,"7 Alma Park, Monkstown, Co. Dublin",3,2,92
525000,"40 Westbourne Lodge, Knocklyon, Knocklyon, Dublin 16",3,2,104
895000,"24 Grand Canal Street Lower, Dublin 2",3,3,151
950000,"55 Whitehall Road, Terenure, Terenure, Dublin 6",5,3,260
225000,"Apartment 3, The Sycamores, Clonshaugh, Dublin 17",2,1,57
395000,"15 Bessborough Avenue, D03, Dublin 3",2,1,89
325000,"123 Grace Park Manor, Drumcondra, Dublin 9",1,2,78
340000,"64 Shantalla Road, Beaumont, Dublin 9",3,2,92
3950000,"Glenart, Glenart, 7 Hillside Drive, Castle Park, Rathfarnham, Dublin 14",7,10,740
695000,"83 Pine Valley Avenue Rathfarnham Dublin 16, Rathfarnham, Dublin 16",4,2,139
375000,"Apartment 34, Scarlet Row, Dublin 8",2,1,
245000,"48 The Concert Building, Park West Avenue, Park West, Dublin 12",2,2,80
580000,"Apartment 13, Block J, Hanover Riverside, Dublin 2",2,2,74
180000,"Apartment 2, Green View, Blanchardstown, Dublin 15",1,1,42
695000,"5 Sutton Park, Sutton, Sutton, Dublin 13",4,2,137
495000,"17 Hollystown Park, Hollystown, Dublin 15",3,3,195
250000,"1 Thornberry Square, Clonee, Dublin 15",2,1,70
395000,"70 Block A, Smithfield Market, Smithfield, Dublin 7",2,2,81
320000,"43 Glenealy Road, Crumlin, Crumlin, Dublin 12",2,1,77
495000,"5 Gracefield Road, Artane, Artane, Dublin 5",3,1,115
365000,"Garryowen, 46 Kilmore Drive, Artane, Dublin 5",3,2,104
845000,"243 Lower Kilmacud Road, Goatstown, Dublin 14",5,3,140
295000,"2 Belgree Crescent, Tyrrelstown, Dublin 15",3,2,
394950,"31 Levmoss Avenue, The Gallops, Leopardstown, Dublin 18",2,2,80
325000,"11C Blessington Lane, Phibsborough, Dublin 7",1,1,66
370000,"Apartment 2, Blackthorn Hall, Ticknock Way, Ticknock Hill, Sandyford, Dublin 18",3,2,96
865000,"6 Melfort, Blackrock, Co. Dublin",4,4,174
399950,"79 Thomas Moore Road, Walkinstown, Dublin 12",3,1,
395000,"40 Belfield Park, Blackrock, Co. Dublin",2,1,73
375000,"Apartment 94, Bracken Hill, Sandyford, Dublin 18",3,2,100
249000,"9A Knockmore Drive, Tallaght, Tallaght, Dublin 24",3,1,88
850000,"1 Waterfall Avenue, Richmond Road, Drumcondra, Dublin 3",9,6,227
545000,"1C Havelock Place, Sandymount, Dublin 4",2,1,58
525000,"52 Hunters Walk, Hunters Wood, Ballycullen, Dublin 24",4,3,129
224950,"Apartment 115, Jervis Place, Dublin 1",1,1,
249950,"Apartment 36, Liberty Court Apartments, Dublin 8",1,1,47
550000,"7 Mount Eagle Rise, Leopardstown Heights, Leopardstown, Dublin 18",3,2,88
299950,"44 Brickfield Drive, Crumlin, Crumlin, Dublin 12",3,1,
535000,"25 Sandyford Downs, Sandyford, Sandyford, Dublin 18",3,2,117
300000,"52 Bertram Court, Lamb Alley, Christchurch, Dublin 8",2,1,45
795000,"23 Duncarraig, Sutton, Dublin 13",3,2,150
1700000,"4 Eglinton Park, Donnybrook, Dublin 4",5,3,225
415000,"Apartment 4, Churchfields, Clontarf, Dublin 3",1,1,58
795000,"33A Braemor Avenue, Churchtown, Churchtown, Dublin 14",4,3,159
285000,"28 Hunters Hall, Hunters Place, Hunters Wood, Ballycullen, Dublin 16",3,2,82
1750000,"48 Dartmouth Square East, Ranelagh, Ranelagh, Dublin 6",4,1,196
395000,"6 Marino Park Avenue, Fairview, Marino, Dublin 3",3,1,93
325000,"10 Simmons Place, Dublin 1",2,2,78
1150000,"16 The Rise Barnhill Road Dalkey, Dalkey, Co. Dublin",4,3,191
260000,"131 Oakcourt Drive, Palmerstown, Dublin 20",3,1,74
495000,"106 Sorrento Road, Dalkey, Co. Dublin",1,2,76
795000,"2 Le Bas Mews, Effra Road, Rathmines, Dublin 6",3,3,100
525000,"177 Skellig House, Custom House Square, IFSC, Co. Dublin",3,3,110
725000,"24 Elkwood, Rathfarnham, Rathfarnham, Dublin 14",4,2,129
320000,"Apartment 8, Block A, The Park, Clon Brugh, Stepaside, Dublin 18",2,2,71
524950,"96 Rosemount Estate, Dundrum, Dundrum, Dublin 14",3,2,117
850000,"Shamrock lodgeBarnhill Ave, Dalkey, Co. Dublin",,,005
395000,"107 Shelmartin Avenue, Marino, Marino, Dublin 3",3,1,
298000,"105 Parkgate Place, Parkgate Street, Islandbridge, Dublin 8",1,1,50
270000,"15 Sundale Road, Tallaght, Dublin 24",3,1,
185000,"1 Cedar Brook Way, Cherry Orchard, Cherry Orchard, Dublin 22",1,1,51
245000,"41 Aran Court, Blanchardstown, Blanchardstown, Dublin 15",2,2,75
290000,"20D Rathborne Way, Ashtown, Ashtown, Dublin 15",2,2,75
275000,"Apartment 198, Block 4, Parklands, Northwood, Santry, Dublin 9",2,2,
1225000,"26 Adelaide Street, Dun Laoghaire, Co. Dublin",10,10,280
475000,"6 Courtlands, Cabinteely, Cabinteely, Dublin 18",3,1,87
895000,"The Gate Lodge, 100 Mount Merrion Ave Blackrock, Blackrock, Co. Dublin",3,2,112
950000,"1 Orchardstown House Washington Lane Rathfarnham Dublin 14, Rathfarnham, Dublin 14",4,3,
325000,"48 Yellow Meadows Drive, Clondalkin, Clondalkin, Dublin 22",3,1,76
285000,"32 Cherry House, Mespil Estate, Ballsbridge, Dublin 4",1,1,34
445000,"97 Grianan Fidh, Aiken's Village, Sandyford, Dublin 18",3,3,87
725000,"323 Howth Road, Raheny, Dublin 5",5,2,136
385000,"34 Great Western Villas, Phibsborough, Dublin 7",2,1,62
235000,"Apartment 32, Discovery, Ashtown, Dublin 15",1,1,49
275000,"45 Parkgate Place, Islandbridge, Dublin 8",1,1,50
485000,"Apartment 20, Cedar Hall, Millbrook Court, Milltown, Dublin 6",2,2,89
595000,"47a Sycamore Avenue, Castleknock, Dublin 15",3,3,96
525000,"20 Fitzwilliam Point, Ringsend, Dublin 4",2,2,80
725000,"50 Deerpark Road, Mount Merrion, Co. Dublin",3,2,105
424950,"Apartment 73, Shanagarry, Milltown, Dublin 6",2,1,
450000,"87 Bushy Park House, Terenure, Dublin 6W",2,2,75
210000,"1 Beaconsfield Court, Inchicore Road, Kilmainham, Dublin 8",1,1,41
349950,"54 Niall Street, Stoneybatter, Dublin 7",2,1,
195000,"5 Rosedale Close, Clonee, Clonee, Dublin 15",1,1,51
735000,"22 Dominick Street Lower, Dublin 1, Dublin 1",10,10,372
425000,"Apartment 82, Southmede, Ballinteer Road, Dundrum, Dublin 14",2,2,67
450000,"4 The Courtyard, Grant's Row, Off Lower Mount Street, Dublin 2",2,1,73
415000,"12 Maryland, Beechfield Haven, Shankill, Dublin 18",2,1,65
1250000,"78 Lower Leeson Street South City Centre Dublin 2, Dublin 2",9,9,350
595000,"32 Cremore Lawns Glasnevin Dublin 11, Glasnevin, Dublin 11",4,1,118
295000,"122 Briarfield Road, Kilbarrack, Dublin 5",3,1,74
1450000,"Apartment 6, Park Springs, Navan Road (D7), Dublin 7",8,6,
1450000,"BROCK ART STUDIO, 17 Carysfort Avenue, Blackrock, Co. Dublin",4,2,280
585000,"8 Ennafort Drive, Raheny, Dublin 5",4,2,122
650000,"1, 2 & 3 Hunters Haven, Ballycullen, Dublin 16",4,3,
325000,"11 Ballentree Drive, Tyrrelstown, Dublin 15",4,2,
395000,"Apartment 20, Le Hunt House, Brennanstown Square, Cabinteely, Dublin 18",2,2,81
625000,"4 Kilbride Road, Killester, Killester, Dublin 5",3,3,121
1000000,"Fonthill House, 19 Fonthill Abbey, Rathfarnham, Dublin 14",6,3,339
345000,"197 The Sweepstakes, Ballsbridge, Ballsbridge, Dublin 4",1,1,40
285000,"Apartment 34, Gloucester Square, Dublin 1",1,1,55
460000,"28 Ratra Road, Navan Road, Dublin 7",3,1,100
260000,"16 Hampton Wood Way, Saint Margaret's Road, Finglas, Dublin 11",2,2,76
385000,"87 Adare Road, Coolock, Dublin 5",3,2,110
450000,"140A The Maples, Bird Avenue, Clonskeagh, Dublin 14",2,1,71
245000," 30, Cammock , Kilmainham, Dublin 8",1,1,42
425000,"17 Park Street, Clongriffin, Dublin 13",3,2,140
795000,"6 Hilton Mews, Harcourt Terrace, Dublin 2",3,3,138
500000,"Gamma, 2 Crosthwaite Park South, Dun Laoghaire, Co. Dublin",3,2,92
615000,"16 Templeroan Park, Templeogue, Knocklyon, Dublin 16",4,2,135
895000,"3 Cairnfort, Stepaside, Stepaside, Dublin 18",4,3,200
375000,"Apartment 106, The Cubes 1, Sandyford, Dublin 18",2,2,63
895000,"46 Priory Avenue Blackrock, Blackrock, Co. Dublin",4,2,140
950000,"Glenwood, Glenwood, 52 Howth Road, Clontarf, D03KN30, Dublin 3",5,2,183
875000,"87 The Pines, Castleknock, Castleknock, Dublin 15",4,3,149
375000,"Woodview House, 586 Woodview Cottages, Rathfarnham, Dublin 14",2,1,
365000,"2 Boolavogue Road, East Wall, East Wall, Dublin 3",2,1,68
225000,"Apartment 56, Core E, Lucan, Co. Dublin",2,2,66
350000,"5 Kiltalown Cottages, Jobstown, Jobstown, Dublin 24",,,03
425000,"113 Philomena Terrace, Stella Gardens, Irishtown, Dublin 4",2,1,73
425000,"13 Shanvarna Road, Whitehall, Dublin 9",3,1,100
695000,"16A Castleknock Dale, Laurel Lodge, Castleknock, Dublin 15",4,2,127
235000,"8 Christchurch Hall, Christchurch, High Street, Dublin 8",1,1,
795000,"300 Clontarf Road, Clontarf, Dublin 3",4,2,153
445000,"225 Richmond Court, Richmond Avenue South, Dartry, Dublin 6",2,1,71
260000,"Apartment 27, The Iona, Prospect Hill, Finglas, Dublin 11",2,2,67
575000,"13 Woodstown Dale, Knocklyon, Knocklyon, Dublin 16",4,3,1636
349950,"Apartment 47, Block B, The Courtyard, Dublin 1",2,2,
1500000,"26 Mountpleasant Square, Ranelagh, Ranelagh, Dublin 6",3,3,200
295000,"69 Seskin View Road, Tallaght, Tallaght, Dublin 24",3,1,
1650000,"4 Waterloo Road, Ballsbridge, Ballsbridge, Dublin 4",5,3,300
280000,"63 Kirwan Street Cottages, Stoneybatter, Dublin 7",2,1,40
350000,"Apartment 76, Block C1, Belgrove Park, Clontarf, Dublin 3",2,1,69
795000,"27 Blackberry Hill, Carrickmines, Dublin 18",5,4,
425000,"6 Beech Walk, Brookwood, Rathfarnham, Dublin 14",2,1,70
235000,"28 Saint Aongus Lawn, Tallaght, Dublin 24",3,1,
335000,"19 Fitzwilliam Court Ranelagh Dublin 6, Ranelagh, Dublin 6",1,1,50
375000,"Apartment 203, Block B, Hampton Lodge, Grace Park Road, Drumcondra, Dublin 3",2,2,71
250000,"Apartment 103, Block 3, Parklands, Northwood, Santry, Dublin 9",2,2,65
295000,"7a Smithfield Market, Smithfield, Dublin 7",1,1,60
350000,"67 Saint Mary's Road North, East Wall, Dublin 3",3,1,92
495000,"Apartment 601, Longboat Quay North Apartments, Longboat Quay North Apartments, Dublin 2",2,2,77
485000,"42 Stapolin Lawns, Baldoyle, Dublin 13",3,1,102
310000,"3 St James Avenue, Drumcondra, D03, Dublin 3",4,2,87
250000,"112 Kylemore Drive, Ballyfermot, Dublin 10",2,1,66
475000,"4 Rathborne Walk, Royal Canal Park, Ashtown, Dublin 15",3,3,115
285000,"44 Avonbeg Gardens, Tallaght, Tallaght, Dublin 24",3,1,88
365000,"33 Walkinstown Park, Walkinstown, Walkinstown, Dublin 12",3,2,89
895000,"35 Lindsay Road, Glasnevin, Glasnevin, Dublin 11",3,2,149
300000,"24 Portersfield, Clonsilla Road, Clonsilla, Dublin 15",3,3,94
715000,"45 Roselawn Road, Castleknock, Castleknock, Dublin 15",4,2,210
375000,"160 Killala Road, Cabra West, Cabra, Dublin 7",2,1,78
230000,"Apartment 7, Ashewood House, Kimmage, Dublin 12",1,1,47
255000,"62 Cherrywood Avenue, Clondalkin, Dublin 22",3,1,63
249000,"16 Rossfield Park, Tallaght, Tallaght, Dublin 24",3,2,98
309950,"14A Willow Court, Druid Valley, Cabinteely, Dublin 18",2,1,64
249950,"154 Downpatrick Road, Crumlin, Dublin 12",2,1,
495000,"11 The Crescent, Kingswood Heights, Tallaght, Dublin 24",6,3,153
425000,"12 Abbey Court, Killester, Killester, Dublin 5",3,1,95
249950,"90 Lourdes Road, Maryland, Dublin 8",2,1,
1580000,"88 Haddington Road, Ballsbridge, Dublin 4",4,2,256
370000,"81 Castaheany, Clonee, Clonee, Dublin 15",3,3,102
415000,"Apartment 87, Wyckham Point, Dundrum, Dublin 14",2,2,65
375000,"Apartment 113, The Elm, Rathfarnham, Dublin 14",2,2,70
430000,"428 Longboat Quay South, Grand Canal Dock, Dublin 2",2,2,60
475000,"6 Church View, Church Avenue, Drumcondra, Dublin 3",3,3,88
825000,"49 Kerrymount Rise, Foxrock, Dublin 18",4,3,160
400000,"52 Barnwell Woods, Hansfield, Ongar, Dublin 15",3,3,
525000,"90 Mountain View, Crinken Glen, Shankill, Dublin 18",3,2,116
515000,"1 Southdene, Monkstown, Co. Dublin",2,1,62
274950,"23 Bellgree Drive, Tyrellstown, Tyrrelstown, Dublin 15",3,3,
315000,"Apartment 17A, Pakenham, Monkstown, Co. Dublin",1,1,46
269000,"23 Westbourne Grove, Clondalkin, Dublin 22",3,1,76
795000,"35 Lansdowne Park, Ballsbridge, Dublin 4",4,2,112
375000,"76 Royston, Kimmage, Dublin 12",2,1,
245000,"Apartment 10, St Lawrence Court, St Lawrence Road, Clontarf, Dublin 3",1,1,44
295000,"25 Greenville Place, Greenville, Dublin 8",2,1,57
795000,"33 Woodbine Park Booterstown, Booterstown, Co. Dublin",4,3,165
995000,"24 Ranelagh Road Ranelagh Dublin 6, Ranelagh, Dublin 6",4,3,192
265000,"49 Northcliffe, Chapelizod, Dublin 20",2,1,52
295000,"62 Meridian Court, Ashtown, Dublin 15",2,2,
545000,"41 Luttrellstown Drive, Castleknock, Castleknock, Dublin 15",3,2,104
189950,"Apartment 2, Coultry Neighbourhood Centre, Santry, Dublin 9",2,1,
375000,"136 Oliver Plunkett Avenue, Stella Gardens, Irishtown, Dublin 4",2,1,56
285000,"Apartment 6, Seafield Court, Castle Avenue, Clontarf, Dublin 3",2,1,70
600000,"11 Marguerite Road, Glasnevin, Glasnevin, Dublin 9",4,1,126
2000000,"Vailima, Ceanchor Road, Howth, Dublin 13",3,3,164
189950,"Apartment 233, Block C, Station House, The Tramyard, Inchicore, Dublin 8",1,1,42
400000,"29 Strandville Avenue, North Strand, North Strand, Dublin 3",3,3,96
449000,"7 Charnwood Heath, Clonsilla, Clonsilla, Dublin 15",4,3,
700000,"15 Taney Crescent, Goatstown, Goatstown, Dublin 14",4,1,131
375000,"107 Walkinstown Road, Walkinstown, Dublin 12",3,1,74
390000,"19 North Great Clarence Street, Dublin 1",3,3,110
200000,"29 Riverside, Clondalkin, Dublin 22",2,1,
420000,"27 Shantalla Avenue, Beaumont, Dublin 9",3,1,111
265000,"79 Saul Road, Crumlin, Crumlin, Dublin 12",2,2,61
249950,"120 Comeragh Road, Drimnagh, Drimnagh, Dublin 12",3,1,
395000,"166 The Oak, Charleville Square, Rathfarnham, Dublin 14",2,2,70
645000,"11 The Waterfront, Hanover Quay, Grand Canal Dock, Dublin 2",2,2,78
399950,"12 Windmill Road, Crumlin, Crumlin, Dublin 12",5,1,
295000,"Apartment 2, Block 1, Richmond Hall, Richmond Road, Fairview, Dublin 3",2,2,68
395000,"Apartment 7, Haddington Square, Ballsbridge, Dublin 4",1,1,43
299950,"55 Galtymore Close, Drimnagh, Dublin 12",3,1,
285000,"105 The Distillery, Distillery Road, Drumcondra, Dublin 3",1,1,46
2750000,"12 Morehampton Road, Donnybrook, Dublin 4",6,7,428
195000,"10 Seagrave Close, Meakstown, Finglas, Dublin 11",2,1,
220000,"71 Lissadel Avenue, Drimnagh, Dublin 12",2,1,
245000,"8 Brookfield Court, Brookfield Green, Kimmage, Dublin 12",1,1,46
285000,"22 Cherry Court, Terenure, Dublin 6",1,1,43
475000,"Penthouse 40 Cluain Shee Aikens Village Sandyford Dublin 18, Sandyford, Dublin 18",3,2,144
295000,"29 Baile Na Laochra, Ballymun, Dublin 11",3,3,103
1195000,"67 Trees Road Upper, Mount Merrion, Co. Dublin",4,4,173
239000,"145 Mellowes Road, Finglas West, Finglas, Dublin 11",2,1,72
395000,"48A Ennel Drive, Artane, Artane, Dublin 5",3,3,
275000,"3 Saint Mark's Green, Clondalkin, Clondalkin, Dublin 22",3,1,
235000,"6 Railway Court, Clongriffin, Clongriffin, Dublin 13",2,1,68
374950,"35 Crumlin Park, Dublin 12",4,2,
775000,"4 Cloister Gate, Blackrock, Co. Dublin",4,3,120
345000,"Apartment 163, Meridian Court, Ashtown, Dublin 15",3,2,110
850000,"1 Abbey Close, Loreto Terrace, Rathfarnham, Dublin 14",4,3,197
320000,"1 Mallin Avenue, Dublin 8",2,2,60
650000,"9 Rawson Court, Dublin 4",3,2,129
215000,"Apartment 11, Melville Park, Finglas, Dublin 11",2,2,61
199950,"28 Stralem Mews, Ongar Village, Ongar, Dublin 15",2,2,
395000,"168A The Oaks, Belgard Heights, Tallaght, Dublin 24",4,3,152
650000,"15 Foyle Road, Fairview, Fairview, Dublin 3",3,2,100
245000,"17 Marlfield Grove, Kiltipper, Kiltipper, Dublin 24",2,2,
340000,"Apartment 8, Brooklawn, Clontarf, Dublin 3",2,1,66
595000,"9 Rathmore Villas, Terenure, Dublin 6",3,2,97
575000,"1 Parklands Road, Ballycullen, Dublin 24",4,3,188
395000,"61 Limekiln Road, Walkinstown, Walkinstown, Dublin 12",3,1,
815000,"17 Vernon Park, Clontarf, Dublin 3",3,2,122
315000,"31 Galtymore Road, Drimnagh, Drimnagh, Dublin 12",3,2,
435000,"38 Ellensborough Crescent, Kiltipper Road, Tallaght, Dublin 24",4,3,130
330000,"Apartment 53, Trinity Plaza, Dublin 2",1,1,43
240000,"Apartment 41, Block B, Old Kilmainham Village, Kilmainham, Dublin 8",1,1,42
199000,"201 Buttercup Park, Darndale, Priorswood, Dublin 17",3,1,79
549000,"5 Castlemoyne, Balgriffin, Balgriffin, Dublin 13",5,4,174
650000,"10 Ashlawn, Dundrum, Dundrum, Dublin 14",4,3,117
295000,"36 Offaly Road, Cabra, Cabra, Dublin 7",3,1,80
500000,"10 Terenure Court, Terenure Road West, Terenure, Dublin 6",2,2,87
845000,"1 The Burgage, Dalkey, Co. Dublin",3,3,111
295000,"12 Ferrycarrig Drive, Fairfield., D17V042, Coolock, Dublin 17",3,1,82
695000,"5 Glendale Park, Terenure, Dublin 12",4,1,130
500000,"5 Northcote Avenue Dun Laoghaire, Dun Laoghaire, Co. Dublin",2,1,82
995000,"11 Bellevue Park Booterstown, Booterstown, Co. Dublin",4,1,144
530000,"Apartment 504, Longboat Quay South Apartments, Grand Canal Dock, Dublin 2",3,2,91
299995,"39 Rutland Avenue, Crumlin, Dublin 12",2,1,61
1350000,"2 Rathdown Villas, Terenure, Terenure, Dublin 6",4,2,181
1050000,"16 Railway Cottages, Ballsbridge, Ballsbridge, Dublin 4",3,3,206
225000,"11 Thompson Cottages, North Circular Road, North Circular Road, Dublin 7",1,1,44
249000,"8 Wheatfields Court, Clondalkin, Dublin 22",3,1,
450000,"5 Saint Helen's Terrace, Inchicore, Dublin 8",3,1,83
245000,"2 Le Vere Terrace, Harold's Cross, Harold's Cross, Dublin 6",1,1,36
875000,"106 Templeville Road, Templeogue, Dublin 6W",4,3,222
450000,"35 Hunters Way, Ballycullen, Dublin 24",3,3,129
440000,"12 Galmoy Road, Cabra, Dublin 7",3,2,92
345000,"Apartment 123, Rockview, Blackglen Road, Sandyford, Dublin 18",3,2,90
325000,"31 Heatherview Park, Aylesbury, Tallaght, Dublin 24",3,2,94
525000,"6 Dangan Park, Kimmage Road West, Kimmage, Dublin 12",3,1,85
395000,"20 Mount Symon Close, Clonsilla, Dublin 15",4,3,133
270000,"13 Melville Court, Finglas, Dublin 11",3,3,
649000,"83 Wingfield, Enniskerry Road, Stepaside, Dublin 18",4,3,
275000,"48 Raheen Road, Tallaght, Tallaght, Dublin 24",3,1,
239950,"65 The Square, Larch Hill, Santry, Dublin 9",2,1,
345000,"41 Churchwell Road, Belmayne, Balgriffin, Dublin 13",3,3,144
300000,"2 Marino Avenue, Malahide Road, Marino, Dublin 3",3,1,85
280000,"32 Hunters Hall, Hunters Place, Hunters Wood, Ballycullen, Dublin 24",2,2,75
199000,"Apartment 104, Block A4, Geraldstown Woods, Santry, Dublin 9",2,2,
649000,"28 Botanic Road, Glasnevin, Dublin 9",4,2,135
594950,"1 Anville Drive, Stillorgan, Co. Dublin",3,3,
350000,"43 Bessborough Avenue, North Strand, Dublin 3",2,1,71
274950,"140 Le Fanu Road, Ballyfermot, Ballyfermot, Dublin 10",2,1,
250000,"3 Deanstown Drive, Finglas West, Finglas, Dublin 11",3,1,102
475000,"29 Luttrellstown Grove, Castleknock, Castleknock, Dublin 15",3,2,84
335000,"41 Edenmore Avenue, Raheny, Dublin 5",3,1,114
395000,"44 Coleraine Street, Smithfield, Dublin 7",2,1,81
395000,"5 St. Josephs Terrace, Fairview, Dublin 3",3,2,94
295000,"Apt., Apt., 88 Fairview Close, Fairview, Dublin 3",2,2,
2500000,"Kalafat House, 27 Sorrento Road, Dalkey, Co. Dublin",4,4,307
199000,"Apartment 42, Elmfield Court, Clondalkin, Dublin 22",2,1,74
1499950,"Flat 1, 14 Kenilworth Road, Rathmines, Dublin 6",8,8,190
950000,"Apartment 43, Cowper Hall, Milltown Avenue, Mount Saint Annes, Milltown, Dublin 6",3,3,135
179990,"67 Aras Na Cluaine, Clondalkin, Dublin 22",1,1,
495000,"137 Church Road East Wall Dublin 3, East Wall, Dublin 3",3,2,118
435000,"4 Cannon Mews East Beggars Bush Haddington Road Dublin 4, Ballsbridge, Dublin 4",2,1,57
340000,"44 Cill Cais, Old Bawn Road, Tallaght, Dublin 24",3,1,
335000,"Apartment 9, Alexandra Quay, York Road, Ringsend, Dublin 4",2,1,65
250000,"Apartment 1, Kings Hall, Phibsborough, Dublin 7",1,1,46
245000,"111 Griffith Hall, Glandore Road, Drumcondra, Dublin 9",1,1,55
300000,"Apartment 90, Rathborne Court, Ashtown, Dublin 15",2,2,80
450000,"16 Somerset Street, Ringsend, Ringsend, Dublin 4",2,1,66
260000,"Apartment 5, Bank House, Dublin 8",1,1,41
265000,"10 Cloonmore Grove, Tallaght, Tallaght, Dublin 24",5,2,
490000,"21A The Maples, Bird Avenue, Clonskeagh, Dublin 14",2,1,
345000,"78 Elmcastle Park, Kilnamanagh, Kilnamanagh, Dublin 24",3,1,92
475000,"100 Newgrange Road, Cabra, Dublin 7",3,1,85
450000,"8 Oakdale Drive, Ballycullen, Dublin 24",3,3,102
295000,"27 Rosevale Apartments Howth Road Raheny Dublin 5, Raheny, Dublin 5",2,1,62
359950,"7 Daletree Close, Ballycullen, Dublin 24",3,3,89
289000,"4 The Close, Millbrook Lawns, Tallaght, Dublin 24",3,1,99
295000,"10 Thomastown Crescent Sallynoggin, Sallynoggin, Co. Dublin",3,1,78
595000,"4 Garrynure, Milltown, Milltown, Dublin 6",3,2,86
220000,"65 Pinebrook Vale, Clonsilla, Clonsilla, Dublin 15",3,1,74
475000,"Apartment 19, Sorrento Court, Dalkey, Co. Dublin",2,1,79
300000,"132 Kilworth Road, Drimnagh, Drimnagh, Dublin 12",3,1,
495000,"44 Eastmoreland Court Eastmoreland Place Ballsbridge Dublin 4, Ballsbridge, Dublin 4",2,2,64
795000,"7 Dunville Avenue Ranelagh Dublin 6, Ranelagh, Dublin 6",3,2,101
395000,"1, 4 Ardee Street South City Centre Dublin 8, Dublin 8",3,2,123
295000,"4 Silverton 132 Ranelagh Dublin 6, Ranelagh, Dublin 6",1,1,49
295000,"4 Silverton 132 Ranelagh Dublin 6, Ranelagh, Dublin 6",1,1,49
425000,"20 Cairnbrook Avenue, Carrickmines, Carrickmines, Dublin 18",2,2,104
475000,"6 Morehampton Square, Donnybrook, Donnybrook, Dublin 4",2,1,60
299950,"3 Oldcourt Lodge, Ballycullen, Dublin 24",2,3,95
220000,"Apartment 126, Burnell Square, Mayne River Way, Balgriffin, Dublin 13",1,1,48
775000,"57 Rathdown Road, Phibsborough, Dublin 7",3,3,175
310000,"126 Gleann Na Ré­, Druid Valley, Cabinteely, Dublin 18",2,2,64
2500000,"Sleepy Hollow, 5A Temple Villas, Rathmines, Dublin 6",3,3,200
250000,"Apartment 20, Manor Court, Clonsilla, Dublin 15",2,2,78
875000,"10 The Court, Donnybrook, Dublin 4",4,3,
1000000,"Nurney, Shanganagh Road, Ballybrack, Co. Dublin",5,2,244
740000,"36 Saint Fintan's Villas, Deansgrange, Blackrock, Co. Dublin",4,1,104
285000,"84 Knockmaree, Chapelizod, Dublin 20",2,1,58
400000,"23 Coolatree Park, Beaumont, Dublin 9",3,1,85
375000,"17 Brian Terrace, Fairview, Fairview, Dublin 3",3,1,77
395000,"2 Monaloe Crescent, Blackrock, Co. Dublin",,,038
795000,"2 Monaloe Crescent, Blackrock, Co. Dublin",3,2,120
375000,"Apartment 10, Oldfield Hall, Ticknock Park, Sandyford, Dublin 18",3,2,109
675000,"13 Old Navan Road, Castleknock, Dublin 15",4,2,145
450000,"302 Grace Park Manor, Drumcondra, Dublin 9",3,2,98
400000,"25 Quartier Bloom, Ormond Quay Lower, North City Centre, Dublin 1",2,1,69
299000,"Apt 1, Sandon Cove, Castle Avenue, Clontarf, Dublin 3",2,1,58
550000,"7 Riverwood Chase, Carpenterstown, Castleknock, Dublin 15",4,3,
230000,"Apt 11, The Maple, Grattan Wood, Hole-In-The Wall Road, Donaghmede, Dublin 13",2,2,65
295000,"Apartment 116, Rockview, Blackglen Road, Sandyford, Dublin 18",2,2,75
345000,"118 Mourne Road, Drimnagh, Dublin 12",3,1,80
1100000,"59 Sandymount Road, Sandymount, Dublin 4",4,2,137
220000,"30 Melville Drive, Finglas, Dublin 11",2,2,61
975000,"20 Hyde Park, Dalkey, Co. Dublin",4,2,137
330000,"8 Beechfield Haven, Shankill, Dublin 18",2,1,63
825000,"12 Wesley Road, Rathgar, Rathgar, Dublin 6",3,2,128
230000,"Apartment 8, Delhurst Court, Ongar, Dublin 15",2,2,
425000,"36A Laurel Park, Clondalkin, Clondalkin, Dublin 22",3,1,98
265000,"24 Ardee Court, Cork Street, Dublin 8",1,1,50
850000,"65 Orwell Gate, Marianella, Rathgar, Dublin 6",3,2,112
665000,"39 Johnstown Road, Cabinteely, Cabinteely, Dublin 18",4,2,150
440000,"70 Saint Patrick's Park, Stepaside, Stepaside, Dublin 18",3,1,84
274950,"12 Ballentree Crescent, Tyrellstown, Tyrrelstown, Dublin 15",3,3,
219950,"87 Lanesborough Square, Finglas, Finglas, Dublin 11",2,1,
435000,"20 Moyclare Park, Baldoyle, Dublin 13",3,1,84
385000,"Beechwood Court, Stillorgan, Co. Dublin",2,2,65
350000,"Apartment 15, Vernon Court, Clontarf, Dublin 3",2,1,
495000,"199 The Sweepstakes, Ballsbridge, Ballsbridge, Dublin 4",2,1,57
550000,"40 Glen Drive, The Park, Cabinteely, Dublin 18",3,1,97
295000,"Apartment 41, The Tallow Building, The Village Centre, Ashtown, Dublin 15",2,2,71
550000,"123c Malahide Road, Donnycarney, Dublin 3",3,4,125
450000,"40 Ballintyre Walk, Ballinteer Avenue, Ballinteer, Dublin 16",3,3,104
495000,"20 Greendale Avenue, Raheny, Dublin 5",3,2,96
850000,"127 Braemor Road, Churchtown, Dublin 14",4,3,140
375000,"7&7A Edgewood Lawns, Blanchardstown, Dublin 15",6,3,167
389950,"36 Hillcrest Park, Glasnevin, Dublin 11",3,1,
525000,"15 Riverwood Green, Castleknock, Castleknock, Dublin 15",3,3,117
950000,"53 Orwell Hall, Marianella, Rathgar, Dublin 6",3,3,121
989000,"52 Orwell Hall, Marianella, Rathgar, Dublin 6",3,3,133
330000,"29 Linnetfields Rise, Castaheany, Clonee, Dublin 15",3,3,97
425000,"Apartment 34, Shrewsbury, Donnybrook Castle, Donnybrook, Dublin 4",2,2,61
495000,"316 Swords Road, Santry, Santry, Dublin 9",4,3,156
349950,"1A Foxhill Lawn, Baldoyle, Donaghmede, Dublin 13",3,2,
289950,"4 Kenmare Parade, Phibsborough, Dublin 7",2,1,
220000,"65 Pinebrook Vale, Clonsilla, Huntstown, Dublin 15",3,1,74
435000,"17 Lullymore Terrace, South Circular Road, Dublin 8",3,1,83
225000,"Apartment 23, Kelly's Court, Dublin 1",1,1,45
495000,"1A, Blessington Court, Phibsborough, Dublin 7",4,4,117
545000,"33 Susanville Road, Drumcondra, Drumcondra, Dublin 3",3,2,
1300000,"59 Granville Road, Blackrock, Co. Dublin",7,3,260
310000,"14 Niall Street, Stoneybatter, Dublin 7",2,1,47
475000,"17 Brookfield Green, Kimmage, Dublin 12",2,3,80
625000,"18 Marley Lawn, Rathfarnham, Dublin 16",4,1,118
235000,"68 Waterville Terrace, Blanchardstown, Blanchardstown, Dublin 15",2,2,72
360000,"37 Abercorn Square, Inchicore, Inchicore, Dublin 8",4,2,85
274950,"311 Kildare Road, Crumlin, Crumlin, Dublin 12",2,2,
210000,"Apartment 84, Annia Livia, Viking Harbour Apartments, Dublin 8",1,1,47
940000,"23 Wilfield Road, Sandymount, Sandymount, Dublin 4",4,1,127
250000,"100, Block E, Westend Gate, Tallaght, Dublin 24",3,2,84
249950,"144 Mount Garrett Park, Tyrellstown, Tyrrelstown, Dublin 15",3,3,
350000,"23 Tyrconnell Park, Inchicore, Inchicore, Dublin 8",3,1,92
149950,"34 Castlecurragh Heath, Mulhuddart, Blanchardstown, Dublin 15",1,1,
1200000,"59A Inchicore Road, Inchicore, Dublin 8",6,6,202
1250000,"Carraig, Tibradden, Rathfarnham, Dublin 14",5,3,238
525000,"32 St Anne's, Kimmage Road West, Kimmage, Dublin 12",4,3,111
280000,"46 The Millhouse, The Steelworks, Foley Street Dublin City Centre, Dublin 1",1,1,60
650000,"Saint Anthony's, 141 Saint Mobhi Road, Glasnevin, Dublin 11",3,2,
375000,"15 Woodlawn Court, Santry, Santry, Dublin 9",3,3,88
310000,"49 Monastery Gate Green, Clondalkin, Clondalkin, Dublin 22",3,3,
315000,"62 The Oak, Parkview, Stepaside, Dublin 18",2,2,77
575000,"40 College Park Way, Ballinteer, Ballinteer, Dublin 16",3,3,
190000,"Apartment 27, Temple Court, Dublin 7",1,1,32
224950,"1 Melville Park, Finglas, Dublin 11",2,2,
685000,"Hanover Court Grand Canal Dock Dublin 2, Grand Canal Dock, Dublin 2",2,,80
325000,"40 Park Drive Lawn, Castleknock, Dublin 15",2,1,62
485000,"101 Church Road, East Wall, Dublin 3",3,2,105
395000,"3 Parkside Place, Balgriffin, Dublin 13",3,3,110
470000,"6 Bolton Grove, Ballyboden, Dublin 16",2,2,85
560000,"5 Bolton Grove, Ballyboden, Dublin 16",3,2,119
595000,"15 Croydon Green, Marino, Dublin 3",3,2,106
795000,"64 Pecks Lane, Castleknock, Dublin 15",4,3,168
295000,"29 William Street North, North Strand, Dublin 1",2,1,86
295000,"20 Old Court Lodge, Firhouse, Dublin 24",2,1,69
450000,"16 Kinvara Park, Navan Road (D7), Dublin 7",3,1,
290000,"43 Rathborne Court, Ashtown, Dublin 15",2,2,
750000,"42 Shrewsbury Square, Ballsbridge, Dublin 4",2,2,97
230000,"3 Collegefort, Castleknock, Castleknock, Dublin 15",2,2,69
395000,"Apt 4 The Aston Building, 2 Aston Place, Aston Quay, Dublin 2",2,1,69
430000,"9 Bargy Road, East Wall, East Wall, Dublin 3",3,2,
295000,"17 Glenaan Road, Whitehall, Dublin 9",2,1,75
900000,"191 Harold's Cross Road, Harold's Cross, Dublin 6",7,4,218
299950,"238 Mourne Road, Drimnagh, Drimnagh, Dublin 12",3,1,
295000,"8 Watermill Court, Raheny, Dublin 5",2,1,60
750000,"153 Clonliffe Road, Ballybough, Dublin 3",10,,
1150000,"Creevagh, 29 Greenfield Road, Mount Merrion, Co. Dublin",4,2,188
280000,"299 Cherrywood Lawns, Clondalkin, Dublin 22",3,1,
400000,"The Gables, 19 South Dock Place, Ringsend, Dublin 4",2,1,76
184950,"102 The Plaza, Ballymun, Dublin 9",2,2,
425000,"9 Palmerstown Court, Palmerstown, Palmerstown, Dublin 20",4,2,138
189000,"Apt 30 The Academy, Park West, Dublin 12",1,1,
299950,"18 Woodlands, Mulhuddart, Clonsilla, Dublin 15",3,1,
375000,"4 Brookfield, Artane, Dublin 5",3,1,85
695000,"204 Lower Kilmacud Road, Goatstown, Dublin 14",4,3,138
210000,"Apartment 25, Beaumont Hall, Beaumont, Dublin 9",1,1,40
495000,"30 Rose Park, Dun Laoghaire, Co. Dublin",3,1,
560000,"36 Glen Drive, The Park, Cabinteely, Dublin 18",3,2,118
260000,"Apartment 25, Norseman Court, Stoneybatter, Dublin 7",1,1,56
250000,"24 Longdale Terrace, Ballymun, Ballymun, Dublin 9",3,2,90
1300000,"29 Waterloo Lane, Ballsbridge, Dublin 4",3,4,141
1200000,"41 Orwell Place, Marianella, Rathgar, Dublin 6",3,3,130
475000,"Apartment 13, Rowan Hall, Millbrook Court, Milltown, Dublin 6",2,2,86
230000,"30 Belcamp Grove, Priorswood, Dublin 17",3,1,
299950,"25 Northbrook Avenue Upper, North Strand, North Strand, Dublin 3",3,1,
495000,"2 Dalriada Green, Knocklyon, Dublin 16",3,4,125
495000,"47 Windermere, Clonsilla, Clonsilla, Dublin 15",4,3,142
380000,"15 Coolgariff Road, Beaumont, Beaumont, Dublin 9",3,1,81
395000,"8 Coolgariff Road, Beaumont, Beaumont, Dublin 9",4,2,120
395000,"8 Blackhall Place, Stoneybatter, Dublin 7",2,1,72
285000,"Apartment 12, Stanley Court, 62/63 Prussia Street, Stoneybatter, Dublin 7",2,2,58
,"2 Bolton Grove, Ballyboden, Dublin 16",2,2,92
610000,"196 Castlemoyne, Balgriffin, Dublin 13",5,4,174
485000,"1a St Vincents Cottage, Blackhorse Avenue, Navan Road (D7), Dublin 7",2,2,
485000,"1B St Vincents Cottages, Blackhorse Avenue, Navan Road (D7), Dublin 7",2,2,
259950,"60 Churchwell Drive, Belmayne, Balgriffin, Dublin 13",2,2,70
375000,"24 Rehoboth Place, South Circular Road, South Circular Road, Dublin 8",3,1,73
290000,"196 Palmerstown Woods, Clondalkin, Clondalkin, Dublin 22",3,1,82
375000,"54 Crotty Avenue, Walkinstown, Dublin 12",3,2,111
395000,"6 Upper Cross Road, Rialto, Rialto, Dublin 8",3,2,103
725000,"Station House, Dalkey, Co. Dublin",1,2,139
295000,"410 Beacon One, Beacon Court, Sandyford, Dublin 18",1,1,50
575000,"61 Broadford Close, Ballinteer, Ballinteer, Dublin 16",3,1,105
475000,"9 Abercorn Terrace, CIE Works, Inchicore, D08, Dublin 8",3,1,88
475000,"14 Cian Park, Drumcondra, Dublin 9",3,1,109
325000,"End Cottage, 544 Ballymount Road Lower, Walkinstown, Dublin 12",3,1,85
324950,"52 McKee Avenue, Finglas, Finglas, Dublin 11",3,1,
375000,"10 Poddle Park, Kimmage, Dublin 12",3,1,95
385000,"52 Annamoe Drive, Cabra, Dublin 7",2,1,60
380000,"52 Parkside Gardens, Balgriffin, Dublin 13",3,3,123
550000,"3 Glendoher Drive, Rathfarnham, Rathfarnham, Dublin 14",4,1,137
290000,"66 Belmayne Park South, Balgriffin, Belmayne",2,2,70
735000,"339 Howth Road, Raheny, Dublin 5",3,1,118
695000,"120 Whitebarn Road, Churchtown, Churchtown, Dublin 14",3,3,159
315000,"48 Glin Road., D17VH21, Coolock, Dublin 17",3,1,65
525000,"8 David Road, Drumcondra, Dublin 9",4,1,127
1200000,"24 Chelmsford Road, D06KT50, Ranelagh, Dublin 6",8,,185
2075000,"Woodmancote, Killiney Hill Road, Killiney, Co. Dublin",4,4,251
350000,"Apartment 67, The Tannery, The Coombe, Dublin 8",2,2,92
375000,"Apartment 15, The Oaks, Herbert Park Lane, Ballsbridge, Dublin 4",1,1,50
595000,"35 Saint Peters Road, Phibsborough, Phibsborough, Dublin 7",3,1,110
595000,"24 Johnstown Court, Cabinteely, Dublin 18",3,2,116
645000,"15 Vale View Lawn, D18K3C7, Cabinteely, Dublin 18",4,2,130
325000,"243 Larkhill Road, Whitehall, Dublin 1",2,1,
369000,"7 Kilcross Drive, Sandyford, Dublin 18",4,1,
360000,"5 Hillcrest Manor, Templeogue, Templeogue, Dublin 6W",2,2,62
695000,"11 St Columbas Road Upper, Drumcondra, Dublin 9",2,2,137
1395000,"77 Haddington Road, Ballsbridge, Dublin 4",4,4,235
425000,"1 Darley Street, Harold's Cross, Dublin 6",2,1,60
275000,"38 Mary's Lane, Smithfield, Dublin 7",2,1,
230000,"67 Rossmore Road, Ballyfermot, Dublin 10",3,1,
575000,"20 Cherry Lodge, Famleigh Woods, Castleknock, Dublin 15",2,3,
595000,"17 Ballinteer Drive, Ballinteer, Dublin 16",3,2,130
450000,"13 Keane Hall, Collegewood, Castleknock, Dublin 15",3,2,
625000,"17 Ashbrook, Howth Road, Clontarf, Dublin 3",3,3,122
275000,"Apartment 7, 20 Highfield Road, Rathgar, Dublin 6",1,1,42
895000,"18 Charleville Road, Phibsborough, Dublin 7",5,5,200
395000,"87 Glasnevin Downs, Glasnevin, Dublin 11",3,2,74
825000,"3 Eglinton Terrace, Donnybrook, Dublin 4",3,3,102
300000,"2 Deerpark Way, Kiltipper, Tallaght, Dublin 24",3,3,100
430000,"9 Woodlawn Park Drive, Firhouse, Firhouse, Dublin 24",3,1,
550000,"15 Priory Walk, Manor Grove, Terenure, Dublin 12",4,3,127
845000,"Kellys Newsagent, 20 Main Street, Chapelizod, Dublin 20",4,2,
230000,"199 Boulevard, Mount Eustace, Tyrrelstown, Dublin 15",3,4,125
175000,"Apartment 34, Saint Canice's Square, Finglas, Dublin 11",1,1,56
399950,"82 Dolphin Road, Drimnagh, Drimnagh, Dublin 12",3,1,
280000,"Apartment 14, Ivy Exchange, Dublin 1",1,1,45
620000,"129 Moyville, Rathfarnham, Dublin 16",4,2,111
349000,"82 Northway Estate, Finglas, Finglas, Dublin 11",3,4,137
625000,"22 Orchardstown Avenue, Rathfarnham, Dublin 14",3,2,130
795000,"44 Lavarna Grove, Terenure, Dublin 6W",4,2,136
995000,"21 Vavasour Square, Sandymount, Sandymount, Dublin 4",2,2,121
725000,"3 Brighton Mews, Harrison Row, Rathgar, Dublin 6",3,2,98
485000,"19 Cedar Avenue, Kingswood, Tallaght, Dublin 24",4,2,132
375000,"33 Railway Mews, Clongriffin, Clongriffin, Dublin 13",3,3,124
450000,"37 Blackthorn Green, Sandyford, Dublin 18",3,1,88
2250000,"54 Sandford Road, Ranelagh, Dublin 6",4,4,310
795000,"54 Patrick Street, Dun Laoghaire, Co. Dublin",5,2,167
199950,"1 Willan's Lane North, Ongar Green, Ongar, Dublin 15",1,1,
299950,"Apartment 411, Olcovar, Shankill, Dublin 18",1,1,47
364950,"Apartment 63, Wellington, Riverpark Apartments, Dublin 8",2,1,
260000,"24 Derry Park, Crumlin, D12V6T0, Dublin 12",3,1,71
275000,"2A Barry Green, Finglas, Dublin 11",4,2,100
365000,"164 Saint Peter's Road, Walkinstown, Walkinstown, Dublin 12",3,2,93
450000,"99 Cappaghmore, Clondalkin, Clondalkin, Dublin 22",5,3,179
349950,"171 Clonmacnoise, Crumlin, Dublin 12",2,1,
309950,"27 The Grove,Millbrook lawns,Old Bawn, Oldbawn, Dublin 24",3,1,
249000,"2 Barry Green, Finglas, Dublin 11",3,1,77
495000,"4 Hunters Walk, Hunters Wood, Ballycullen, Dublin 16",4,3,132
650000,"402 The Ash, Grange Hall, Rathfarnham, Dublin 16",2,2,121
695000,"17 Main Street, Rathfarnham, Dublin 14",3,1,160
245000,"107 The Hardwicke, Apartment 107, The Hardwicke, Dublin 7",1,1,43
1295000,"9 Offington Drive, Sutton, Dublin 13",6,5,268
299000,"Apartment 17, Earlsfield Court, Dublin 8",2,2,55
429000,"28 Priory Hall, Manor Grove, Dublin 12",3,2,90
535000,"64 Wainsfort Manor Drive, Terenure, Dublin 6W",3,2,95
225000,"Apartment 126, Meridian Court, Ashtown, Dublin 15",1,1,45
295000,"26 Homelawn Road, Tallaght, Tallaght, Dublin 24",3,2,92
595000,"Ashdale and Riverview, Main Street, Blanchardstown, Dublin 15",5,5,
339950,"53 Derry Road, Crumlin, Crumlin, Dublin 12",3,1,
239950,"363 Carnlough Road, Cabra West, Cabra, Dublin 7",2,2,60
750000,"24 Seapark Road, Clontarf, Dublin 3",4,1,116
,"'Woodbine Lodge', Woodbine Road, Booterstown, Co. Dublin",3,4,121
420000,"21 Ardagh Road, Crumlin, Dublin 12",3,2,100
425000,"9 Salem Court, Maxwell Road, Rathmines, Dublin 6",2,1,
380000,"4 Castlefield Green, Knocklyon, Dublin 16",2,1,82
525000,"27 Shrewsbury Road, Shankill, Dublin 18",3,1,105
275000,"113 Westend Gate, Tallaght, Dublin 24",2,2,107
335000,"2 Tara Hill Crescent, Rathfarnham, Dublin 14",3,1,80
235000,"22 The Square, Larch Hill, Santry, Dublin 9",2,1,70
410000,"Apartment 30, Block A, The Bottle Works, Irishtown, Dublin 4",2,2,
325000,"9B Metropolitan Apartments, Inchicore Road, Kilmainham, Dublin 8",2,2,75
525000,"100 Iveragh Road, Whitehall, Dublin 9",3,1,98
700000,"35/35A Muckross Green House & Site Perrystown Dublin 12, Perrystown, Dublin 12",,,002
1450000,"Ivy House And The Mews, 128, Ranelagh, Dublin 6",5,3,246
1450000,"Fern House And The Mews, 126, Ranelagh, Dublin 6",5,2,265
375000,"156 Ardlea Road, Artane, Dublin 5",3,1,105
295000,"16 Beneavin Road, Finglas East, Finglas, Dublin 11",2,1,93
180000,"19 Rutland Cottages, Dublin 1",1,1,32
315000,"3 Elm House, Mespil Estate, Dublin 4",1,1,49
1250000,"1 Auburn Road Donnybrook Dublin 4, Donnybrook, Dublin 4",3,3,154
315000,"81 Moy House, Custom House Square, IFSC, Dublin 1",1,1,54
349950,"65 Newbrook Avenue, Donaghmede, Donaghmede, Dublin 13",3,1,
299950,"165 Bunratty Road, Coolock, Coolock, Dublin 5",3,1,
,"Apartment 3, Eaton Brae House, Eaton Brae, Shankill, Dublin 18",2,2,169
320000,"Apartment 16, Huxley Court, Cork Street, Dublin 8",2,2,
275000,"12A Railway Avenue, Inchicore, Inchicore, Dublin 8",3,2,117
320000,"101 The Rectory, Enniskerry Road, Stepaside, Dublin 18",2,1,69
224950,"20 Druid Court, Poppintree, Ballymun, Dublin 9",4,1,
450000,"73 Brandon Square, Waterville, Blanchardstown, Dublin 15",3,3,130
2850000,"29 Alma Road, Monkstown, Co. Dublin",6,5,433
495000,"69 St Marys Park, Walkinstown, Dublin 12",3,2,118
975000,"63 Haddington Road Ballsbridge Dublin 4, Ballsbridge, Dublin 4",4,3,188
1050000,"8 Beaumont Gardens Blackrock, Blackrock, Co. Dublin",4,2,165
2950000,"Woodford Booterstown Park Booterstown, Booterstown, Co. Dublin",5,4,455
375000,"47 Main Street, Howth, Dublin 13",2,1,64
975000,"Tambou, Clonskeagh Road, Clonskeagh, Dublin 14",2,1,80
680000,"Tambou, Clonskeagh Road, Clonskeagh, Dublin 14",2,1,80
1675000,"32 Waterloo Road, Ballsbridge, Dublin 4",6,3,290
1245000,"12 Londonbridge Road, Sandymount, Sandymount, Dublin 4",3,3,166
675000,"27 Avondale Lawn, Blackrock, Co. Dublin",3,1,120
415000,"43 Oldbawn Avenue, Old Bawn, Tallaght, Dublin 24",3,2,
210000,"115 Portersfield, Clonsilla Road, Clonsilla, Dublin 15",2,2,
895000,"Hawthorn Hill 18 Temple Park Ave Blackrock, Blackrock, Co. Dublin",4,2,150
240000,"Apartment 144, Block 4, Parklands, Northwood, Santry, Dublin 9",2,2,
229000,"30 Green Isle Court, Clondalkin, Clondalkin, Dublin 22",2,1,
375000,"47 Coldwell Street, Glasthule, Co. Dublin",1,1,37
2950000,"Woodford, Booterstown Park, Booterstown, Co. Dublin",5,4,455
595000,"Apartment 21, Temple Hall, Milltown Avenue, Mount Saint Annes, Milltown, Dublin 6",2,2,90
430000,"22 Bessborough Avenue, North Strand, North Strand, Dublin 3",3,1,83
249950,"Apartment 39, The Eden, Prospect Hill, Finglas, Dublin 11",2,2,
275000,"46 Juliet Square, St Edmunds Park, Lucan, Co. Dublin",2,2,78
230000,"Apartment 25, Swan Hall, Belgard Square, Tallaght, Dublin 24",2,2,
250000,"Flat 1, 6 Mountjoy Square North, Dublin 1",2,1,
494950,"Apartment 3, Frascati Hall, Blackrock, Co. Dublin",3,2,
549000,"228 Phibsborough Road, Phibsborough, Dublin 7",4,2,127
239000,"98 Hampton Wood Road, Finglas, Finglas, Dublin 11",3,2,95
219000,"18 Avondale Hall, 151/152 Parnell Street, Dublin 1",1,1,
445000,"51 Oakton Park, Ballybrack, Co. Dublin",4,2,97
260000,"23 Hampton Wood Way, Saint Margaret's Road, Finglas, Dublin 11",2,2,73
425000,"2 Manor Road, Palmerstown, Palmerstown, Dublin 20",4,1,151
520000,"16 Dalriada Park, Knocklyon, Dublin 16",4,3,122
675000,"5 Foyle Road, Fairview, Drumcondra, Dublin 3",3,2,131
215000,"3 Block A, The Maltings, Dublin 8",1,1,
475000,"20 Dundela Haven, Glenageary, Co. Dublin",2,2,68
285000,"Apartment 42, Block E, Blackhall Square, Smithfield, Dublin 1",2,1,
445000,"14 The Belfry, Inchicore Road, Kilmainham, Dublin 8",3,2,90
330000,"The Coach House, Bannow Road, Cabra, Dublin 7",4,2,90
325000,"61 The Ramparts Cabinteely Dublin 18, Cabinteely, Dublin 18",2,2,70
1850000,"Woodlane House Quarry Road Rathmichael, Rathmichael, Co. Dublin",4,4,367
350000,"Apt 124, Block 1, The Watermill, Raheny, Dublin 5",2,2,62
325000,"9 Dundrum Court, Dundrum, Dublin 16",1,1,59
375000,"Apartment C, 87 Lower Baggot Street, Dublin 2",1,1,57
695000,"Apartment 21, Block H, Hanover Quarter, Dublin 2",3,2,103
300000,"11 Yellow Meadows Grove, Clondalkin, Dublin 22",3,2,
165000,"Apartment 13, Parkview Drive, Finglas, Dublin 11",1,1,45
1195000,"32 Nelson Street, Dublin 7",9,8,315
259000,"85 Belmayne Park North, Balgriffin, Dublin 13",2,2,69
795000,"18 Merton Walk Mount St Anneâ€™s Milltown Dublin 6, Milltown, Dublin 6",3,3,142
274950,"79 Benmadigan Road, Drimnagh, Dublin 12",2,1,
215000,"17 The Concert Building, Park West, Dublin 12",2,2,
160000,"Apartment 18, Drumderg Court, Fairview, Dublin 3",,,25
740000,"30 Talbot Court, Castleknock, Dublin 15",5,2,
395000,"1A Holycross Avenue, Drumcondra, Dublin 3",2,1,52
635000,"45 Brookwood Park, Artane, Artane, Dublin 5",3,2,142
425000,"26 Collinswood, Collins Avenue, Beaumont, Dublin 9",3,2,82
245000,"23 Windmill Court, Clonsilla, Dublin 15",2,2,
1250000,"26 Rosmeen Gardens Dun Laoghaire, Dun Laoghaire, Co. Dublin",4,2,169
285000,"Apartment 37, 52 Mountjoy Square South, Dublin 1",2,1,69
649950,"47 Crumlin Road, Dublin 12",4,3,
225000,"62 Railway Avenue, Inchicore, Inchicore, Dublin 8",2,1,71
295000,"64a Deanstown Avenue, Finglas, Dublin 11",,,008
199000,"47 Ring Street, Inchicore, Inchicore, Dublin 8",2,1,55
295000,"64 Deanstown Avenue, Finglas, Dublin 11",3,1,
895000,"63 Avondale Road, Killiney, Co. Dublin",4,2,182
895000,"45 Convent Road, Dalkey, Co. Dublin",3,2,98
4250000,"Carrickmoleen Killiney Hill Road Killiney, Killiney, Co. Dublin",5,3,415
275000,"Apartment 198, Block 4, Parklands, Northwood, Santry, Dublin 9",2,2,
290000,"29 Rathmore Village, Tyrellstown, Tyrrelstown, Dublin 15",4,3,
295000,"73 Gleann Na Ri­, Druid Valley, Cabinteely, Dublin 18",2,2,63
315000,"Apartment 54, 73 Leonard's Court, Clanbrassil Street Lower, Dublin 8",2,1,60
375000,"36 Millmount Grove, Dundrum Road, Dundrum, Dublin 14",1,1,60
395000,"5 Avondale Road, Phibsborough, Dublin 7",2,2,59
550000,"10 Wainsfort Avenue, Terenure, Terenure, Dublin 6",2,1,85
375000,"44 St John's Court, Artane, Dublin 5",3,3,97
239000,"4 Parkside View, Nephin Road, Dublin 7",1,1,42
275000,"37 Jamestown Avenue, Inchicore, Dublin 8",2,1,
325000,"494 Mourne Road, Drimnagh, Dublin 12",3,1,
795000,"6 Watson Road Killiney, Killiney, Co. Dublin",5,3,190
395000,"15 Tournville Lodge, Rathfarnham, Dublin 14",2,1,62
270000,"1 St John's Drive, Clondalkin, Dublin 22",2,1,59
260000,"22 Birchwood Heights, Springfield, Tallaght, Dublin 24",3,1,
215000,"Apartment 104, Clifden Court, Dublin 7",1,1,41
275000,"95 Brooklawn, Strandville Avenue, Clontarf, Dublin 3",1,1,47
547500,"Apt 20 Radcliffe Hall, St John's Road, Sandymount, Dublin 4",2,2,90
290000,"6 Newlands Manor Court, Clondalkin, Clondalkin, Dublin 22",3,2,105
1200000,"Accra, Tibradden Road, Rathfarnham, Dublin 14",5,2,257
735000,"3A Pleasants Place, Dublin 8",3,3,142
450000,"40 Martin's Row, Chapelizod, Chapelizod, Dublin 20",3,2,94
475000,"73 Brunswick Street North, Smithfield, Dublin 1",4,3,110
995000,"14 Orby Park, The Gallops, Leopardstown, Dublin 18",5,4,267
495000,"6 Woodfield Terrace, Inchicore, Kilmainham, Dublin 8",2,3,118
295000,"Apartment 77, Shelbourne Village, Ringsend, Dublin 4",2,1,43
249950,"Apartment 26, Temple Gardens, Santry, Dublin 9",2,2,
435000,"Apartment 185, Beechwood Court, Blackrock, Co. Dublin",2,2,72
485000,"Apartment 87, Poplar, Trimbleston, Goatstown, Dublin 14",2,2,94
249950,"Apartment 41, Shackleton House, Archerswood, Clonee, Dublin 15",2,2,
295000,"70A Maplewood Drive, Springfield, Tallaght, Dublin 24",3,2,85
315000,"275 Killinarden Estate, Tallaght, Dublin 24",4,3,115
195000,"Apartment 99, Tolka Vale, Glasnevin, Dublin 11",2,2,61
495000,"4 Rathmore Villas, Terenure, Dublin 6W",2,1,47
2150000,"10 Breffni Terrace, Breffni Road, Sandycove, Co. Dublin",4,5,319
525000,"71 Cloncurry House, Spencer Dock, IFSC, Dublin 1",2,2,102
399000,"32 Hunters Green, Ballycullen, Ballycullen, Dublin 16",3,3,126
290000,"Apartment 25, 61 Cork Street, Dublin 8",1,1,66
725000,"6A Woodbine Road, Booterstown, Co. Dublin",3,2,92
800000,"Melville Rise, Finglas, Dublin 11",5,5,220
575000,"7 Belarmine Close, Stepaside, Stepaside, Dublin 18",3,3,140
285000,"62 Railway Road, Clongriffin, Dublin 13",3,2,111
360000,"25 Harty Place, Portobello, Dublin 8",1,1,51
394950,"16 Parkside Gardens, Balgriffin, Dublin 13",3,3,
395000,"3 Farnham Crescent, Finglas, Dublin 11",3,2,
400000,"4 Innismore, Crumlin, Dublin 12",3,2,116
265000,"11 Saint John's Gate, Clondalkin, Clondalkin, Dublin 22",2,1,
1100000,"19 Railway Cottages, Ballsbridge, Ballsbridge, Dublin 4",3,3,196
295000,"Apartment 8, Blackthorn Hall, Ticknock Way, Ticknock Hill, Sandyford, Dublin 18",2,2,91
865000,"70 St Alban's Park, Sandymount, Dublin 4",3,1,144
545000,"15 Knocklyon Park, Knocklyon, Dublin 16",3,1,102
525000,"34 Sandyford Hall Crescent, Sandyford, Dublin 18",3,2,
595000,"38 Balkill Park, Howth, Co. Dublin",3,1,112
495000,"37 Sutton Downs, Sutton, Dublin 13",3,1,88
225000,"Apartment 52, Temple Place, Dublin 1",1,1,35
254950,"9 Dunsoghly Close, Ratoath Road, Finglas, Dublin 11",3,2,
595000,"16 Woodfield, Scholarstown Road, Rathfarnham, Dublin 16",4,3,124
995000,"25 Farney Park, Sandymount, Sandymount, Dublin 4",3,1,122
375000,"2 Greenlands, Sunbury Court, Dartry, Dublin 6",2,1,56
295000,"111 The Elms, Mount Merrion Avenue, Blackrock, Co. Dublin",1,1,45
320000,"Apartment 12, The Strand, 149 North Strand Road, North Strand, Dublin 3",2,2,70
274950,"37 Ashfield Grove, Mulhuddart, Clonsilla, Dublin 15",3,2,
274950,"17 Ashfield Grove, Mulhuddart, Clonsilla, Dublin 15",3,2,
595000,"20 Kill Avenue, Dun Laoghaire, Co. Dublin",4,2,143
595000,"Rere of 3, Charlemont Terrace, Dun Laoghaire, Co. Dublin",3,1,107
245000,"Apartment 49, Hampton Square, Cabra, Dublin 7",1,1,47
2950000,"24 Leeson Street Upper, Dublin 4",5,,335
1100000,"48 Garville Lane, Rathgar, Dublin 6",4,4,186
750000,"84 Clonkeen Rd, Deansgrange Clonkeen Road, Blackrock, Co. Dublin",6,4,181
219000,"Apartment 4, Saint Canice's Square, Church Street, Finglas, Dublin 11",2,2,68
325000,"Apartment 209, Hampton Square, Navan Road (D7), Dublin 7",2,2,69
275000,"166 Stannaway Road, Crumlin, Crumlin, Dublin 12",2,1,62
245000,"Apartment 49, Hampton Square, Navan Road (D7), Dublin 7",1,1,47
475000,"69 Maryville Road, Raheny, Dublin 5",3,1,83
499950,"1 Willington Grove, Templeogue, Dublin 6W",3,1,109
750000,"6 Wesley Road Rathgar Dublin 6, Rathgar, Dublin 6",3,4,120
575000,"7 Ashton Close, Knocklyon, Knocklyon, Dublin 16",4,2,108
525000,"1A Cedarwood Green, Glasnevin, Dublin 11",3,3,108
550000,"Saint Jude, 35 Lennox Street, Dublin 8",3,3,74
1000000,"Tignabruagh Saintbury Avenue Killiney, Killiney, Co. Dublin",4,3,147
295000,"18 Church Road East Wall Dublin 3, East Wall, Dublin 3",2,2,53
350000,"6 Hibernia, De Vesci Court, Monkstown, Co. Dublin",2,1,64
360000,"153 Shannon House, Custom House Square, IFSC, Co. Dublin",2,2,59
330000,"1 Woodvale Drive, Clonsilla, Clonsilla, Dublin 15",3,2,
259950,"6 Ros Mor View, Knocklyon, Dublin 16",1,1,48
725000,"28 Glencairn Park, The Gallops, Leopardstown, Dublin 18",4,3,121
395000,"20 Tournville Lodge, Rathfarnham, Dublin 14",2,1,58
5275000,"5,6,7,8 Buckingham St Lower, Dublin 1",35,24,
225000,"Apartment 26, Stapleton House, Dublin 1",1,1,38
1725000,"102 Upr Dorset St, Dublin 1",10,7,535
1295000,"Clonlea, Knapton Road, Monkstown, Co. Dublin",4,1,174
385000,"62 Royston, Kimmage Road West, Kimmage, Dublin 12",3,1,79
995000,"26 Buckingham Street Lower, Dublin 1",7,4,170
495000,"27 Saint Brendan's Drive, Artane, Artane, Dublin 5",4,2,149
1695000,"Treborth West, 14 Claremont Road, Howth, Co. Dublin",4,3,253
650000,"Lisieux Mews 5 Charlemont Lane Dun Laoghaire, Dun Laoghaire, Co. Dublin",2,1,77
285000,"41 Charleville Avenue, North Strand, North Strand, Dublin 3",1,1,
335000,"81 Dunmore Park, Kingswood, Tallaght, Dublin 24",2,1,72
595000,"25 Richmond Park, Monkstown, Co. Dublin",2,1,68
1295000,"18 Clonfadda Wood, Mount Merrion Avenue, Blackrock, Co. Dublin",4,3,207
295000,"46 Pinewoods, Clondalkin, Clondalkin, Dublin 22",3,1,86
1350000,"33 Tritonville Road, Sandymount, Sandymount, Dublin 4",3,2,161
295000,"122 AW Pugin House, Loreto Abbey, Rathfarnham, Dublin 14",1,1,46
220000,"Apartment 19, The Granary, Dublin 8",1,1,43
1100000,"38 Adelaide Road, Dublin 2",3,2,149
725000,"17A Belgrove Road, Clontarf, Dublin 3",2,2,128
324950,"40 Rathdrum Road, Crumlin, Dublin 12",2,1,
995000,"31 Liscahill, Haddon Road, Clontarf, Dublin 3",7,2,290
214950,"Apartment 70, Mayeston Square, Finglas, Dublin 11",2,2,
220000,"4 Enaville Avenue, North Strand, Dublin 3",2,1,36
295000,"38 Annagh Court, Waterville, Blanchardstown, Dublin 15",3,2,
399000,"225 The Avenue, Belgard Heights, Tallaght, Dublin 24",4,3,125
595000,"84 Cabra Park, Phibsborough, Dublin 7",3,3,102
260000,"73 Sundale Avenue, Tallaght, Tallaght, Dublin 24",3,2,98
375000,"Block A, 16 Bow Bridge Place, Kilmainham, Dublin 8",2,2,80
350000,"8 Camac Court, Kilmainham, Dublin 8",2,1,55
1095000,"Tara, Kill Lane, Foxrock, Dublin 18",5,2,277
7250000,"Nerano House, Nerano Road, Dalkey, Co. Dublin",4,4,384
250000,"Apartment 86, Gandon Hall, Dublin 1",2,1,45
900000,"14 Sharavogue, Glenageary Road Upper, Glenageary, Co. Dublin",4,2,169
6900000,"Mount Alverno, Sorrento Road, Dalkey, Co. Dublin",5,5,655
650000,"2 Saint Philomena's Road, Glasnevin, Glasnevin, Dublin 11",4,1,134
1300000,"66 Haddington, Ballsbridge, Dublin 4",3,2,
360000,"3 Moreen Road, Sandyford, Dublin 18",3,2,
399000,"17 Belmont Square, Raheny, Dublin 5",2,1,78
325000,"9 The Grove, Kingswood Heights, Tallaght, Dublin 24",2,1,51
1450000,"Yellowood, 18A Stillorgan Park Avenue, Blackrock, Co. Dublin",4,4,232
1150000,"Penthouse 72, Woodview, Blackrock, Co. Dublin",4,3,275
244000,"Apartment 90, Block D, Westend Gate, Tallaght, Dublin 24",2,2,
315000,"42 The Oak, Park View, Belarmine, Stepaside, Dublin 18",2,2,77
1375000,"1 St. Kevin's Place Donovan Lane Blackpitts Dublin 8, Dublin 8",3,3,250
1045000,"39 Sycamore Road, Mount Merrion, Co. Dublin",4,,125
1300000,"1 Eglinton Square, Donnybrook, Dublin 4",4,3,138
330000,"Apartment 28, The Bay, Dublin 4",1,1,61
1750000,"28 Dartmouth Square, Ranelagh, Dublin 6",3,2,215
1095000,"32 Hillcourt Park, Glenageary, Co. Dublin",4,3,190
675000,"7 Lynton Court, Merrion Road, Ballsbridge, Dublin 4",3,2,145
325000,"98 An Crannog, Granitefield Manor Rochestown Avenue Dun Laoghaire, Dun Laoghaire, Co. Dublin",2,1,68
895000,"123 Home Farm Road, Drumcondra, Drumcondra, Dublin 3",4,3,180
595000,"9 Milltown Court, Milltown, Dublin 6",3,1,81
260000,"76 Hillbrook Woods, Blanchardstown, Blanchardstown, Dublin 15",2,2,64
695000,"Apartment 1, 53 Glasthule Road, Glasthule, Co. Dublin",2,2,85
299950,"119 Saul Road, Crumlin, Dublin 12",2,1,
260000,"Apartment 228, Block 5, Parklands, Northwood, Santry, Dublin 9",2,2,66
895000,"Melrose, Kilgobbin Road, Sandyford, Dublin 18",5,3,208
775000,"1 Churchview Park, Killiney, Co. Dublin",4,2,
395000,"13 Pembroke Cottages, Dundrum, Dundrum, Dublin 14",2,1,56
375000,"7 Innisfallen Parade, Phibsborough, Dublin 7",2,1,68
275000,"43 Saint Joseph's Place, Phibsborough, Dublin 7",2,1,43
390000,"Apartment 1, Jasonia Centre, Dublin 2",2,1,80
399000,"85 Newgrove Estate, Donaghmede, Dublin 13",4,2,182
239950,"Apartment 3, Jervis Place, Dublin 1",1,1,51
745000,"84 Kilmacud Road Upper, Blackrock, Stillorgan, Co. Dublin",4,3,140
2300000,"Lisieux House 5 Charlemont Terrace Dun Laoghaire, Dun Laoghaire, Co. Dublin",5,4,367
595000,"73 Lansdowne Park Knocklyon Dublin 16, Knocklyon, Dublin 16",4,3,135
825000,"11 Nutgrove Park, Clonskeagh, Clonskeagh, Dublin 14",4,2,135
745000,"Cúl An Tí, Harold Crescent, Sandycove, Co. Dublin",2,3,110
1425000,"25 Castlewood Park, Rathmines, Dublin 6",3,3,164
280000,"Apartment 35, Cassian Court East, Phelan Avenue, Ashtown, Dublin 15",2,2,
350000,"Apt 32 Crescent House, Howth Road, Clontarf, Dublin 3",2,1,66
675000,"41 Auburn Drive Killiney, Killiney, Co. Dublin",4,3,130
825000,"26 Luttrellstown Heath, Castleknock, Dublin 15",4,,151
295000,"22 Red Arches Avenue, Baldoyle, Dublin 13",2,2,62
295000,"Apartment 56, Kirkpatrick House, Spencer Dock, Dublin 1",1,2,68
269950,"66 Hampton Wood Park, Saint Margaret's Road, Finglas, Dublin 11",3,3,
650000,"Penthouse, Penthouse, 104 The Oaks, Rockfield, Dundrum, Dublin 16",2,2,106
,"10 Apartments at Corn Mill, Drumcondra, Dublin 3",13,13,
525000,"Apt 5, 7 Fitzwilliam Place, Dublin 2",2,1,85
499950,"Mountain View House, Beaumont Avenue, Churchtown, Dublin 14",4,3,
279000,"142 Bachelors Walk, Dublin 1",1,1,41
675000,"10 Leeson Court, Leeson Street Upper, Donnybrook, Dublin 4",2,2,103
350000,"Two Derelict Cottages, Ounavarra, Coldblow, Lucan, Co. Dublin",1,,
249500,"31 Casement Grove, Finglas West, Finglas, Dublin 11",3,1,78
1350000,"7 Fortfield Avenue, Terenure, Dublin 6",5,4,210
1035000,"2 The Avenue, Cypress Downs, Templeogue, Dublin 6W",4,3,135
315000,"554 Mourne Road, Drimnagh, Drimnagh, Dublin 12",3,1,77
695000,"41 Geraldine Street, Phibsborough, Dublin 7",3,3,120
250000,"117 Latchford Square, Clonee, Dublin 15",2,2,
450000,"69 Sallynoggin Park, Sallynoggin, Co. Dublin",3,1,90
650000,"121 Newtownpark Avenue, Blackrock, Co. Dublin",3,1,118
850000,"10 Cornelscourt Hill Road, Foxrock, Dublin 18",3,3,240
575000,"31 St Martin's Park, Lower Kimmage Road, Kimmage, Dublin 6W",3,2,114
300000,"Apartment 2, Derrickbawn Court, Ballinteer Road, Ballinteer, Dublin 16",2,1,56
475000,"14 Honeypark Cottages, Sallynoggin, Co. Dublin",2,1,86
850000,"8 Grosvenor Place, Rathmines, Dublin 6",4,2,169
395000,"11 Ardlea Road, Artane, Artane, Dublin 5",3,3,102
350000,"18 Saint Thomas Road, South Circular Road, South Circular Road, Dublin 8",3,2,94
259000,"12 Oatfield Avenue, Clondalkin, Clondalkin, Dublin 22",3,1,91
625000,"Rose Cottage, Rose Cottage, 10 Rochestown Ave, Dun Laoghaire, Co. Dublin",3,1,60
295000,"26 St. James Court, Kilmainham, Dublin 8",2,1,57
325000,"Elm Park Lodge, Grange Wood, Rathfarnham, Dublin 14",1,2,50
450000,"2 Dunbo Cottages, Howth, Co. Dublin",3,2,78
450000,"123 Drimnagh Road, Walkinstown, Dublin 12",3,1,
1695000,"5 Knocknacree Park Dalkey, Dalkey, Co. Dublin",5,4,235
575000,"15 Knocklyon Green, Knocklyon, Dublin 16",3,2,117
295000,"39 Mellowes Park, Finglas West, Finglas, Dublin 11",3,2,
475000,"Tilia, Tilia, Kiltipper Road, Tallaght, Dublin 24",3,1,103
195000,"3 Newtown Court, Eaton Brae, Rathgar, Dublin 14",1,,25
450000,"36 Summer Street North, North Circular Road, Dublin 1",3,1,146
425000,"11 Cadogan Road, Fairview, Dublin 3",4,2,107
295000,"38 Lanesborough Avenue, Saint Margaret's Road, Finglas, Dublin 11",3,2,
385000,"2 Portside Court, East Wall, East Wall, Dublin 3",3,1,
295000,"65 Rafters Road, Drimnagh, Drimnagh, Dublin 12",2,1,72
1800000,"St Josephs, 10 Belgrove Road, Clontarf, Dublin 3",5,2,198
495000,"10 Saint Patrick's Park, Stepaside, Dublin 18",3,1,93
579950,"29 Eden Court, Grange Road, Rathfarnham, Dublin 14",4,3,120
550000,"27 Llewellyn Way, Rathfarnham, Rathfarnham, Dublin 14",4,2,102
795000,"Liwara, Shanganagh Road, Killiney, Co. Dublin",4,3,150
320000,"2 Barnwell Place, Hansfield, Clonsilla, Dublin 15",2,3,97
725000,"102 Sandyford Downs, Sandyford, Sandyford, Dublin 18",4,2,138
445000,"85 HAZELBURY GREEN VASTAHEANY, Clonee, Dublin 15",4,3,150
335000,"Apartment 227, The Camden, Charlotte Quay Dock, Dublin 4",1,1,46
945000,"60 St Alban's Park, Sandymount, Dublin 4",3,2,125
350000,"26 Landsdowne Valley Park, Drimnagh, Dublin 12",3,1,83
1250000,"61 Taney Rise Dundrum Dublin 14, Dundrum, Dublin 14",5,4,204
3750000,"Brentwood, Sydenham Road, Dundrum, Dublin 14",6,8,
220000,"14 The Landey, Santry, Dublin 9",2,2,60
375000,"9 Coolmine Cottages, Mulhuddart, Dublin 15",3,1,80
400000,"16 Kiltipper Drive, Aylesbury, Aylesbury, Dublin 24",3,2,107
375000,"26 Sullivan Street, Stoneybatter, Dublin 7",2,1,65
349950,"43 Balfe Avenue, Walkinstown, Dublin 12",3,1,
425000,"Apartment 28, Pakenham House, Spencer Dock, Dublin 1",2,2,81
395000,"57 Shanliss Road, Santry, Dublin 9",3,2,88
349950,"242 Saint James's Road, Greenhills, Dublin 12",3,1,
275000,"37 Myrtle House, The Coast, Baldoyle, Dublin 13",2,2,64
485000,"2 Harcourt Mews Harcourt Terrace Dublin 2, Dublin 2",2,1,94
645000,"17 Newlands Road, Clondalkin, Clondalkin, Dublin 22",4,2,150
450000,"63 Castaheany, Clonee, Dublin 15",4,3,129
280000,"20 Finglaswood Road, Finglas, Finglas, Dublin 11",3,1,96
695000,"13 Tivoli Avenue, Harold's Cross, Dublin 6W",3,1,106
320000,"8 Glin Park, Coolock, Coolock, Dublin 17",3,1,
425000,"10 Walkinstown Road, Walkinstown, Dublin 12",3,2,102
825000,"25 Mulgrave Street, Dun Laoghaire, Co. Dublin",7,3,239
650000,"49 George's Street Lower, Dun Laoghaire, Co. Dublin",4,1,146
450000,"164 The George, Charlotte Quay Dock, Grand Canal Dock, Dublin 4",2,1,59
475000,"8 Saint Peter's Road, Walkinstown, Walkinstown, Dublin 12",3,2,108
385000,"35 Clonliffe Gardens, Drumcondra, Dublin 3",3,1,88
450000,"77 Forest Drive, Kingswood, Dublin 24",4,3,132
585000,"3 Richmond Lane, Off Richmond Hill, Rathmines, Dublin 6",3,3,93
229000,"18 Willan's Way, Ongar Village, Ongar, Dublin 15",2,2,80
535000,"143 Old Finglas Road, Glasnevin, Dublin 11",3,2,
299000,"53 Castle Park, Tallaght, Dublin 24",3,1,
695000,"1 Dargle Drive Marley Grange Rathfarnham Dublin 16, Rathfarnham, Dublin 16",4,2,125
495000,"4 Hunters Avenue, Hunterswood, Ballycullen, Dublin 24",4,3,170
395000,"24 Synnott Row, Phibsborough, Dublin 7",3,1,70
550000,"69A Glasnevin Park, Glasnevin, Dublin 11",3,3,104
390000,"24 Saint Brigid's Road, Clondalkin, Clondalkin, Dublin 22",3,2,118
295000,"70 Saint Samson's Square, Balgriffin, Balgriffin, Dublin 13",3,3,103
325000,"121 Cromcastle Road, Coolock, Kilmore, Dublin 5",4,2,91
485000,"68 Oliver Plunkett Road, Dun Laoghaire, Co. Dublin",3,2,87
325000,"29 Innisfallen Parade, North Circular Road, Phibsborough, Dublin 7",2,1,
475000,"71 Kinvara Road, Navan Road, Dublin 7",3,1,95
254950,"112 Finglas Road, Finglas, Dublin 11",3,2,
275000,"36 Saint John's Crescent, Clondalkin, Dublin 22",3,1,73
349950,"66 Slievenamon Road, Drimnagh, Dublin 12",2,2,
250000,"66 The Eden, Prospect Hill, Finglas, Dublin 11",2,2,88
249950,"57 Cashel Avenue, Crumlin, Dublin 12",2,1,
425000,"11 Charnwood Dale, Clonsilla, Clonsilla, Dublin 15",4,3,139
3000000,"4 Raglan Road, Ballsbridge, Ballsbridge, Dublin 4",4,4,261
750000,"28 Windsor Terrace, Portobello, Dublin 8",3,2,120
